ADR,Organization-Project,primary_category,explanation,max_confidence_value
adr-003-store-connector-container-component.md,"('AYCHAIN', 'AYCHAIN.github.io')",Existence (ontocrisis),"The ADR describes the implementation of a connection pattern between components, involving the creation and wiring of components, containers, and connectors. This directly relates to the structural aspect of the architecture, specifically the existence and organization of components and their interactions.",0.85
adr-004.md,"('Abelaa', 'pcmt')",Existence (ontocrisis),"The ADR describes a decision to implement provisioning mechanisms using specific tools (Ansible, Docker, Terraform), which involves creating and configuring deployment artifacts and environment elements. This aligns with the structural aspect of declaring elements that will exist in the system, such as deployment roles, playbooks, and environment configurations.",0.85
adr-007.md,"('Abelaa', 'pcmt')",Property (diacrisis),"The ADR primarily discusses versioning strategies, release marking, and constraints related to version identifiers, which are properties or qualities of the system rather than structural, behavioral, or organizational decisions. It sets rules and constraints about how versions are managed and labeled, fitting the property decision category.",0.8
0003-for-config-prefer-prefix-over-nesting-and-don-t-hide-defaults-in-code.md,"('Accenture', 'reactive-interaction-gateway')",Existence (ontocrisis),"The ADR primarily discusses decisions related to the structure and organization of configuration elements within the system, such as preferring prefixes over nesting and setting default values. These are structural decisions about what configuration elements will exist and how they are organized, aligning with the 'Existence' category.",0.85
005-cutting-release-branch.md,"('Accenture', 'sfpowerscripts')",Executive (pericrisis),"The ADR discusses a process and policy change related to release management, feed usage, and versioning strategies, which are driven by organizational and business considerations rather than direct system structure or properties. It involves decisions about how releases are coordinated and managed, aligning with organizational or process-level choices rather than technical architecture components.",0.9
0009-message-driven-content-tracker-next-gen.md,"('Alfresco', 'SearchServices')",Existence (ontocrisis),"The ADR discusses the architecture of a message-driven content tracker, including decisions about system components such as the Search Services, Content Repository, and Transform Service. These are structural elements that will exist in the system, and the decision revolves around their versions, interactions, and configurations, which aligns with the 'existence' category.",0.85
0010-managing-secrets-used-by-dbp.md,"('Alfresco', 'alfresco-anaxes-shipyard')",Existence (ontocrisis),"The ADR primarily discusses the creation and management of secret objects within Kubernetes, which are elements that will exist in the system's architecture. The decision to transform configuration files into Kubernetes secret objects directly relates to the structural aspect of the architecture, specifically the existence and handling of secrets as components within the deployment environment.",0.85
0003-application-configuration-setup.md,"('Amsterdam', 'signals-frontend')",Existence (ontocrisis),"The ADR discusses how configuration elements (such as URLs, package dependencies, and UI settings) will be managed and injected into the application, which directly relates to the existence and structuring of configuration artifacts within the architecture. The decision to inject configuration at build-time or runtime pertains to the creation and management of these elements, aligning with structural decisions about what artifacts will exist and how they are configured.",0.85
2019-11-20_webapp.md,"('BMMRO-tech', 'BMMRO')",Existence (ontocrisis),"The ADR primarily discusses the decision to create a web application with offline capabilities, which involves establishing the existence of a specific architectural element—the web app—along with its offline behavior and caching mechanisms. The focus is on defining the structure and behavior of the system components (e.g., web app, cache) necessary to meet the requirements.",0.85
0014-use-mux-for-routing.md,"('CMSgov', 'easi-app')",Existence (ontocrisis),"The ADR explicitly discusses the selection and implementation of a routing component (gorilla/mux) to be used in the system, which directly relates to the structural decision of which routing element will exist in the architecture. The decision focuses on choosing a specific routing library to implement routing functionality, thus establishing the existence of this component.",0.85
0021-audit-logging.md,"('CMSgov', 'easi-app')",Existence (ontocrisis),"The ADR primarily discusses the implementation and configuration of audit logging mechanisms, including where logs are stored, what data is logged, and how logging is performed. These are structural decisions about the existence and placement of logging artifacts and their interactions, aligning with the 'Existence' category.",0.85
006-authentication.md,"('CSCfi', 'rems')",Existence (ontocrisis),"The ADR primarily discusses the implementation and support of the OIDC authentication protocol, which involves establishing and supporting specific system elements such as the authentication flow, cookies, and integration with identity providers. The focus on supporting OIDC and related infrastructure indicates a structural decision about system components and their interactions.",0.85
adr-0004-why-wrap-input-textarea.md,"('CleverCloud', 'clever-components')",Existence (ontocrisis),"The ADR primarily discusses the structural decision to wrap `<input>` and `<textarea>` elements within a `div.wrapper`, which directly relates to the creation and organization of architecture elements (the wrapper component). It focuses on the existence and arrangement of UI components and their styles, aligning with structural (existence) decisions.",0.85
0004-language-choices-for-new-development.md,"('Crown-Commercial-Service', 'CCS-Architecture-Decision-Records')",Executive (pericrisis),"The ADR specifies a policy or guideline regarding the choice of programming languages for new development, which is driven by organizational, strategic, and business considerations rather than the structural or property aspects of the system. It also mentions future re-evaluation and constraints, aligning with executive decisions that influence development processes and organizational standards.",0.9
0016-data-structure-tasks-submissions-entries-and-files.md,"('Crown-Commercial-Service', 'ReportMI-service-manual')",Existence (ontocrisis),"The ADR primarily discusses the structural organization of data entities within the system (Tasks, Submissions, Entries, Files) and how they will be stored and related. It focuses on defining what elements will exist in the data model and their relationships, which aligns with the structural aspect of the existence category.",0.85
0021-generate-a-data-export-for-finance.md,"('Crown-Commercial-Service', 'ReportMI-service-manual')",Executive (pericrisis),"The ADR primarily addresses a procedural and organizational decision to generate and transfer a data export file, including where the code will reside and how the process will be managed. It does not specify structural or behavioral design elements, nor does it focus on system properties or existence/absence of components, but rather on operational and organizational choices related to the data export process.",0.7
0008-api-extensions-mechanism.md,"('DFE-Digital', 'apply-for-teacher-training')",Executive (pericrisis),"The ADR primarily addresses a strategic choice about whether to implement an API extension mechanism, which is driven by organizational and business considerations rather than direct architectural or technical constraints. It involves decisions related to the development process, release strategy, and organizational priorities, characteristic of executive decisions.",0.7
0006-use-dotenv-for-managing-environment-variables.md,"('DFE-Digital', 'buy-for-your-school')",Existence (ontocrisis),"The ADR explicitly discusses the decision to adopt DotEnv for managing environment variables, which is a structural element of the system's configuration. It focuses on the existence and management of environment variables within the architecture, aligning with the creation and handling of system artifacts.",0.85
0012-automate-dqt-integration.md,"('DFE-Digital', 'claim-additional-payments-for-teaching')",Existence (ontocrisis),"The ADR primarily discusses the integration of an external data source (DQT) via API, and the replacement of manual verification processes with automated ones. This involves decisions about which system components (the DQT dataset, API, and claim service) will exist and how they will interact, aligning with structural and behavioral aspects of system architecture.",0.85
007-Integration-Approaches.html.md.erb,"('DFE-Digital', 'csc-swr-architecture')",Existence (ontocrisis),"The ADR describes the development and deployment of an API Gateway, REST Proxy, and Event Backbone, which are concrete architectural elements that will exist in the system. It also discusses the use of event sourcing as a potential solution, indicating decisions about the existence and structure of system components and connectors.",0.85
0004-non-integer-trainee-ids.md,"('DFE-Digital', 'register-trainee-teachers')",Existence (ontocrisis),"The ADR discusses the decision to implement a specific type of identifier (non-integer trainee IDs) and the implications of this choice, which directly relates to the existence of an element (the ID scheme) within the system architecture. The decision to use a particular ID type (Rails built-in secure token) involves structural considerations about what identifiers will exist and how they will be generated and used.",0.85
0008-use-skylight-for-performance-monitoring.md,"('DFE-Digital', 'teacher-training-api')",Existence (ontocrisis),"The ADR discusses choosing a specific performance monitoring tool (Skylight) over another (Sentry), which involves the decision to include or exclude certain system components or artifacts related to performance monitoring. This aligns with the structural aspect of existence decisions, as it pertains to the presence of monitoring tools within the system architecture.",0.85
0004_define_environments_after_gov_uk_paas_migration.md,"('DFE-Digital', 'teaching-vacancies')",Existence (ontocrisis),"The ADR primarily discusses the creation and configuration of different deployment environments (staging and production), as well as the use of local environments for development and testing. These are structural decisions about which elements (environments) will exist in the system architecture, aligning with the 'Existence' category.",0.85
0010-confirm-performance-issues-before-optimizing.md,"('Datatamer', 'tamr-client')",Executive (pericrisis),"The ADR focuses on a development process decision, prioritizing simplicity and readability over performance optimization unless explicitly justified by performance issues. It addresses how to approach implementation choices in the context of project priorities, which aligns with organizational or process-level considerations rather than structural, behavioral, or property aspects.",0.5
0004-inverse-relationships-sample-update.md,"('EBIBioSamples', 'biosamples-v4')",Executive (pericrisis),"The ADR pertains to a process decision regarding how relationship inversion should be handled in the system, specifically choosing not to change the update date of samples. This decision is driven by considerations of system behavior and external stakeholder needs (e.g., NCBI), rather than the creation or elimination of system elements or qualities. It reflects a business or organizational choice affecting the system's operational behavior rather than its structure or properties.",0.7
74-schemaorg-additionalType-vs-RDF-typing.md,"('ESIPFed', 'science-on-schema.org')",Existence (ontocrisis),"The ADR discusses the implementation of code splitting strategies, which involve creating and managing multiple code bundles (artifacts) to optimize client-side performance. This directly relates to the structural decision of which code elements (bundles, chunks) will exist in the system and how they are organized, fitting the 'Existence' category.",0.85
boolean.md,"('ElektraInitiative', 'libelektra')",Existence (ontocrisis),"The ADR focuses on defining the existence and representation of boolean values within the system, specifying which elements (strings '0' and '1') are permitted and how they are stored and interpreted. This directly relates to the structural aspect of the architecture, particularly the data representation and storage decisions.",0.85
functions_with_buffers.md,"('ElektraInitiative', 'libelektra')",Ban/Non-Existence (anticrisis),"The ADR explicitly discusses removing certain functions from the API, which is a decision to eliminate or rule out specific elements (functions) from the system. This aligns with the concept of non-existence decisions that declare elements will not be part of the final design.",0.7
multiple_file_backends.md,"('ElektraInitiative', 'libelektra')",Existence (ontocrisis),"The ADR primarily discusses the existence and management of multiple files and backends within the system, focusing on how these elements are created, supported, and interact. It addresses the structural aspect of whether multiple files/backends will exist and how they are supported or limited, which aligns with the 'Existence' decision category.",0.85
store_name.md,"('ElektraInitiative', 'libelektra')",Existence (ontocrisis),"The ADR primarily discusses a structural change to how key names are stored within the system, specifically deciding to store only the unescaped key name instead of both escaped and unescaped versions. This decision directly affects the existence and representation of an element (the key name) within the system's data structures, aligning with the 'Existence' category.",0.85
project-name.md,"('Financial-Times', 'dotcom-page-kit')",Existence (ontocrisis),"The ADR primarily discusses the implementation of inter-process communication mechanisms (zeromq and redis) to enable communication between services and within the backend system. These decisions involve the creation and configuration of communication channels and infrastructure components, which are structural elements of the architecture.",0.85
0003-http-api.md,"('Flowminder', 'FlowKit')",Existence (ontocrisis),"The ADR primarily discusses the decision to incorporate Jupyter notebooks as core components within the AutoFlow system, which involves the creation and integration of new artifacts (notebooks, tools like Papermill and Scrapbook). This aligns with the structural aspect of declaring elements that will exist in the architecture, such as notebooks and associated tools.",0.85
0004-use-create-react-app-and-npm-eject-to-create-the-basis-of-the-project-structure.md,"('FoodStandardsAgency', 'register-a-food-business-front-end')",Existence (ontocrisis),"The ADR discusses restructuring the application by refactoring models, combining entities, and addressing overlaps and relationships among system components. These are structural decisions aimed at defining what elements (e.g., Places, Partners, Locations) will exist and how they are organized within the system architecture.",0.85
2020-08-10-architecture-decision-records.md,"('HEPTACOM', 'heptaconnect-docs')",Existence (ontocrisis),"The ADR discusses enabling data emission during exploration, which involves defining how data sources and data flows will exist and interact within the system. The decision to allow emission at exploration time directly impacts the structural and behavioral elements of the architecture, such as data flow models and data source handling.",0.85
creating_continuous_inpatient_spells.md,"('HFAnalyticsLab', 'HES_pipeline')",Existence (ontocrisis),"The ADR discusses hardcoding variable names, which directly relates to the explicit declaration of certain elements (variables, columns) existing in the system. It involves decisions about which variables are present and how they are referenced, aligning with structural existence decisions.",0.85
0004-application-logging.md,"('HHS', 'Head-Start-TTADP')",Existence (ontocrisis),"The ADR details the implementation of specific security scanning tools (ESLint, Yarn audit, OWASP ZAP), which are concrete artifacts and components integrated into the development and deployment process. These decisions are about establishing and configuring tools that will exist within the system's development pipeline, aligning with structural and behavioral aspects of the architecture.",0.85
004-configuration-by-environment-variable.md,"('HHS', 'TANF-app')",Executive (pericrisis),"The ADR primarily outlines a workflow process and procedural guidelines for contributing, reviewing, and merging code changes within a development environment. These decisions are driven by organizational policies, development practices, and business process considerations rather than the creation or exclusion of specific system elements or properties.",0.65
0013-handle-eventual-consistency-with-etags.md,"('Informatievlaanderen', 'publicservice-registry')",Property (diacrisis),"The ADR discusses the classification and handling of data records, their types, and how changes are interpreted and processed, which relates to system properties and constraints on data management. It emphasizes the enduring qualities of data handling rules and the logic governing change recognition, rather than the existence of specific system elements or organizational policies.",0.6
004-temporary-and-permanent-identifiers.md,"('Informatievlaanderen', 'road-registry')",Existence (ontocrisis),"The ADR explicitly states the decision to use 'systemd' as the init system, which involves selecting and establishing the existence of a specific system component within the architecture. This is a structural decision about which init system will be implemented, aligning with the 'Existence' category.",0.9
0011-preinstallable-images-on-data-volume.md,"('Internet-of-People', 'titania-os')",Executive (pericrisis),"The ADR primarily concerns a process and organizational strategy for managing releases and branching, which are driven by business and organizational needs rather than directly by system structure or qualities. It involves decisions about release schedules, branching strategies, and deployment environments, aligning with organizational and process-level concerns.",0.75
0018-use-regular-expression-to-split-multiple-sentence-titles.md,"('JabRef', 'jabref')",Executive (pericrisis),"The ADR focuses on a decision related to how preferences are stored and managed, which impacts the development process and system behavior but is driven by considerations of system design and implementation strategy rather than structural or quality attributes. It reflects a choice about the approach to storing preferences, which aligns with organizational or process-level decisions rather than direct system structure or properties.",0.6
0021-keep-study-as-a-dto.md,"('JabRef', 'jabref')",Existence (ontocrisis),"The ADR describes a decision to move an existing script into a Docker container and create a new script for Windows compatibility, which involves the creation and placement of specific artifacts (scripts and images). This is primarily a structural decision about the existence and organization of system components.",0.85
0005-use-cpp-to-interface-with-the-ftduino.md,"('KIT-SOC4S', 'ftd-scratch3-offline')",Existence (ontocrisis),"The decision to implement complex functions within helper functions directly relates to the creation and organization of software elements (functions) within the system. It involves structuring code into specific components (helper functions) to manage complexity, which aligns with the structural aspect of declaring elements that will exist in the design.",0.85
0003-Pipeline_API_Rewrite.md,"('KonduitAI', 'konduit-serving')",Existence (ontocrisis),"The ADR primarily discusses the support and management of remote resources (URIs, URLs, protocol handlers, caching) which relate to the existence of external artifacts such as configuration files and models. The decision focuses on enabling the system to locate, download, and cache these resources, which aligns with the structural aspect of declaring elements that will exist in the system.",0.85
0004-build-an-abstracted-resident-store.md,"('LBHackney-IT', 'evidence-api')",Existence (ontocrisis),"The ADR discusses the adoption and configuration of messaging components (SNS and SQS) to enable event-driven communication between microservices. This involves the explicit decision to introduce these messaging elements into the architecture, which is a structural decision about what elements will exist in the system.",0.85
Event-Driven-Architecture.md,"('LBHackney-IT', 'lbh-adrs')",Existence (ontocrisis),"The ADR describes the adoption and integration of AWS X-Ray, a tool that provides observability features such as logging, tracing, and visualization of system components. This decision directly involves the creation and deployment of an architectural element (the X-Ray service and its integration) to enable observability within the system, which aligns with the structural and behavioral aspects of existence decisions.",0.85
0005-use-eslint.md,"('LBHackney-IT', 'lbh-frontend-react')",Existence (ontocrisis),"The ADR primarily discusses the creation and organization of components within the library, which directly relates to decisions about what elements will exist in the system. It focuses on insulating importers from internal implementation details by creating new components, thus establishing the existence of these components in the architecture.",0.85
0012-reimplement-gov-uk-frontend-javascript-internally-to-this-library.md,"('LBHackney-IT', 'lbh-frontend-react')",Existence (ontocrisis),"The ADR explicitly states the decision to support IndexedDB as a data store layer, which involves the creation and integration of a specific storage element into the architecture. This is a structural decision about the existence of a data storage component within the system.",0.85
0007-use-postgres-search.md,"('LBHackney-IT', 'report-a-defect')",Executive (pericrisis),"The ADR pertains to a strategic choice about the deployment environment and resource planning (Heroku Postgres plan), which is driven by business considerations such as cost, capacity, and scaling strategy. It does not specify structural or behavioral design elements nor constraints or rules about the system's architecture, but rather organizational and operational decisions affecting the deployment environment.",0.7
adr-8-dome-ingest.md,"('MITLibraries', 'dos-server')",Executive (pericrisis),"The ADR pertains to choosing a programming language based on technical and operational factors, which are influenced by organizational, business, and environmental considerations. This decision is driven by external constraints such as deployment environment (AWS Lambda), ecosystem support, and team familiarity, rather than directly defining system structure, behavior, or properties.",0.5
0005-use-aws-lambda.md,"('MITLibraries', 'mario')",Existence (ontocrisis),"The ADR explicitly states a decision to adopt a specific documentation standard (OpenAPI Specification) for API documentation, which involves the creation or utilization of an architectural element (the API documentation standard). This aligns with the 'existence' category, as it pertains to the decision to implement or use a particular artifact or element within the architecture.",0.85
0005-docker-containers-for-everything.md,"('NERC-CEH', 'datalab')",Existence (ontocrisis),"The ADR explicitly discusses replacing an existing proxy component (Redbird) with a new one (Traefik), which involves the creation and deployment of a specific architectural element. The decision to adopt Traefik and remove Redbird directly relates to the existence and configuration of system components.",0.85
0007-kubernetes-for-container-orchestration.md,"('NERC-CEH', 'datalab')",Existence (ontocrisis),"The ADR explicitly discusses the decision to implement a specific reverse proxy (Kong) and replace an existing one (Traefik), which involves creating or choosing an architectural element within the system. This aligns with the structural aspect of existence decisions, as it pertains to the inclusion of a specific component in the architecture.",0.85
0039-prometheus-operator-helm-chart.md,"('NERC-CEH', 'datalab')",Existence (ontocrisis),"The ADR explicitly discusses the decision to adopt Kubernetes' native secret mechanism, which involves creating and managing a new architectural element (the Kubernetes secret resource). This is a structural decision that affects the system's architecture by introducing a specific artifact to handle secrets.",0.85
0003.md,"('ONSdigital', 'dp')",Ban/Non-Existence (anticrisis),"The ADR explicitly states that hierarchies and code lists do not need to be published or have preview options, effectively ruling out their existence in certain contexts. This aligns with the concept of declaring that specific elements will not exist or be exposed in the system, which is characteristic of an anticrisis decision.",0.7
0003-replace-rdb-with-json.md,"('ONSdigital', 'eq-author-app')",Existence (ontocrisis),"The ADR describes a decision to implement a specific mechanism for identifying keys in message headers, which involves the creation and use of a new element ('kid') in the message structure. This directly relates to the structural aspect of the architecture, specifically the existence and utilization of the 'kid' element within the message format.",0.85
0010-cookies.md,"('ONSdigital', 'eq-questionnaire-runner')",Existence (ontocrisis),"The ADR explicitly discusses the choice of a specific database technology (Neo4J) over others, which directly relates to the existence or non-existence of certain system elements (databases). It involves selecting a data storage component and justifies its inclusion based on data model fit, indicating a structural decision about system artifacts.",0.85
0010-use-jest-and-cypress-for-tests.md,"('PakkuDon', 'SoundCloudVisualizer')",Existence (ontocrisis),"The ADR primarily discusses the implementation of an asynchronous lock release mechanism, which involves the creation and management of lock tokens and their release process. This directly relates to the structural aspect of the architecture, specifically the existence and management of lock elements within the system. The decision focuses on how locks are maintained, released, and the concurrency model for managing lock tokens, all of which are structural decisions about the existence and handling of locks in the system.",0.85
0004-client-side-routing-using-history-api-and-redirects.md,"('PakkuDon', 'pixel-art-gallery')",Existence (ontocrisis),"The decision to rewrite the application in AngularJS 1.x directly involves creating and implementing a new structural element (the AngularJS framework) into the system. This is a structural decision that declares the existence of AngularJS as a core part of the architecture, including the transformation of existing code into AngularJS constructs such as controllers, directives, templates, and services.",0.85
0016-structure-of-error-object.md,"('SAP', 'cloud-sdk-js')",Existence (ontocrisis),"The ADR primarily discusses the handling and extension of API endpoints for OData navigation properties, which involves declaring the existence of specific API paths and URL structures. The focus is on how to implement and support these URL patterns, which directly relates to the structural aspect of the architecture, i.e., the existence of certain API endpoints and URL paths.",0.85
0019-openapi-generator-naming.md,"('SAP', 'cloud-sdk-js')",Executive (pericrisis),"The ADR discusses a strategic choice to support x509-based authentication within the SDK, which impacts the development process, future-proofing, and security practices. It involves a decision about how the system will evolve and how the token retrieval process will be implemented, driven by technical and security considerations rather than structural or organizational constraints.",0.9
form-field-variations.md,"('SFDigitalServices', 'webform')",Existence (ontocrisis),"The ADR primarily discusses the creation and management of notification titles, which are elements that will exist in the system's architecture. It specifies implementing a global default title, removing redundant titles, and managing notification types centrally, all of which are structural decisions about the existence and organization of notification elements within the system.",0.85
writing-docs.md,"('Skyscanner', 'backpack')",Existence (ontocrisis),The ADR discusses a decision to implement a specific behavior—loading the project context lazily—which involves the creation and management of a system artifact (the context object). This is a structural decision about the existence and initialization of a component within the system.,0.85
0005-use-redis-and-bull-for-background-tasks.md,"('SmartBear', 'git-en-boite')",Existence (ontocrisis),"The ADR primarily discusses the creation and structuring of a Git repository interface and its associated components, such as implementing a port, delegating operations, and managing worker processes. These are structural decisions about what elements will exist in the system and how they are organized, fitting the 'Existence' category.",0.85
0011-put-integration-tests-in-seperate-folder.md,"('StuPro-TOSCAna', 'TOSCAna')",Executive (pericrisis),"The ADR primarily addresses a strategic choice related to the scope and capabilities of the system, specifically whether to support node type definitions in TOSCA templates. It considers resource constraints, effort, and benefits, which are organizational and business considerations rather than structural, behavioral, or property concerns. The decision is driven by practical constraints and strategic priorities, fitting the executive decision category.",0.8
0016-not-supporting-type-definitions.md,"('StuPro-TOSCAna', 'TOSCAna')",Existence (ontocrisis),"The ADR discusses choosing and using a specific tool (CloudFormation Builder) to create CloudFormation templates, which involves the creation and utilization of an architectural element (the builder tool). The decision centers on the existence and integration of this component within the system architecture.",0.85
2020_05_13_handling_non_crud_operations_in_api.md,"('Sylius', 'Sylius')",Existence (ontocrisis),"The ADR discusses the decision to implement a transformation process that ensures certain elements (IRIs) will exist in the system and be used in requests, which directly relates to the structural aspect of the architecture. It involves creating mechanisms (services and mappings) that handle the existence and transformation of identifiers, aligning with the structural decision category.",0.85
0005-inject-ab-config-global-values-toPresenter.md,"('Trendyol', 'ios-architecture-decision-logs')",Executive (pericrisis),"The ADR primarily addresses organizational and procedural aspects related to design guidelines, team coordination, and adherence to standards, rather than structural, behavioral, or property aspects of the system architecture. It involves decisions about how the team should operate and enforce design rules, which aligns with executive decisions that influence the development process and organizational policies.",0.7
0011-use-govuk-design-system-form-builder.md,"('UKGovernmentBEIS', 'beis-report-official-development-assistance')",Executive (pericrisis),"The ADR primarily concerns a process and organizational decision to adopt a specific tool (Brakeman) for security analysis, and to integrate it into the development workflow. It relates to operational and procedural choices driven by organizational needs and security policies rather than directly defining system structure, behavior, or properties.",0.6
0019-use-data-migrations-to-update-live-data.md,"('UKGovernmentBEIS', 'beis-report-official-development-assistance')",Existence (ontocrisis),"The ADR explicitly discusses using Terraform to set up and deploy infrastructure components, which involves creating and managing infrastructure elements such as spaces, services, and applications. This aligns with the structural aspect of declaring elements that will exist in the system.",0.85
0024-use-scripts-to-rule-them-all.md,"('UKGovernmentBEIS', 'beis-report-official-development-assistance')",Executive (pericrisis),"The ADR primarily addresses a process change in how data migrations are handled, shifting from an automated to a manual process. This decision impacts the development and deployment process, organizational practices, and operational procedures rather than the system's structural or quality attributes. It is driven by concerns about reliability and control, which are organizational and procedural considerations typical of executive decisions.",0.7
0009-remove-hal-links.md,"('UST-QuAntiL', 'qc-atlas')",Existence (ontocrisis),"The ADR explicitly discusses the implementation of asymmetric JWT signing, which involves the creation and management of cryptographic keys (public/private key pairs). This decision directly pertains to the existence and configuration of system elements (keys) necessary for signing and verification processes, aligning with structural and behavioral aspects of the system's architecture.",0.85
0002-use-sha256-with-base64url-encoding.md,"('VirtualProgrammingLab', 'documentation')",Property (diacrisis),"The ADR discusses choosing a method for verifying data integrity, which involves defining a property or constraint related to data transfer and verification. It specifies the decision to use SHA256 hashes and encoding formats, which are enduring qualities or constraints affecting the system's behavior.",0.7
adr-0003-nix-for-dependency-management.md,"('Vodurden', 'CrossyToad')",Existence (ontocrisis),"The ADR discusses supporting both discrete and continuous input by implementing mechanisms to detect and process these input types, which involves creating or modifying system components (input layer, state machinery). This aligns with structural decisions about what elements will exist in the system to handle input processing.",0.85
0007-follow-optimistic-concurrency.md,"('VolleyManagement', 'volley-management')",Property (diacrisis),"The ADR focuses on establishing guidelines and best practices to prevent certain coding patterns and code smells, which are qualities or constraints affecting the system's development and maintainability. It does not specify structural elements, non-existence of elements, or organizational/business decisions, but rather defines qualities and constraints to improve code quality.",0.7
adr-007-pa-dep-client-app.md,"('WikiWatershed', 'model-my-watershed')",Existence (ontocrisis),"The ADR discusses the decision to adopt Vue.js as the new frontend framework, which involves creating and implementing new architectural elements (Vue components, Vuex modules) and refactoring existing code. This directly relates to the structural aspect of architecture, specifically the creation and organization of system components and their interactions.",0.85
0004-asset-integrity-check.md,"('Y2Z', 'monolith')",Existence (ontocrisis),"The ADR explicitly states the decision to use Create React App to establish a uniform project structure, which is a structural element of the architecture. It also discusses the choice of package manager (NPM), which relates to the existence of certain tools and artifacts within the system.",0.9
0277-run-action-shell-options.md,"('actions', 'runner')",Existence (ontocrisis),"The ADR primarily discusses the configuration and support of different shells within a platform, focusing on how shells are instantiated and used during script execution. It details the default behaviors, command templates, and supported shell types, which are all related to the creation and existence of shell elements in the system.",0.85
0002-add-default-implementations-to-componentlifecycle.md,"('adaptris', 'interlok')",Existence (ontocrisis),"The ADR discusses adding default implementations to an interface, which directly relates to defining or modifying the existence of system elements (interfaces and their behaviors). It focuses on the structural aspect of the system's components, specifically the ComponentLifecycle interface, and how it will exist or be extended in the design.",0.85
0004-expose-services-through-rest-api.md,"('adhuc-projects', 'cena')",Existence (ontocrisis),"The ADR describes the decision to implement an API following REST architectural style, which involves defining and exposing specific resources and their interactions. This directly relates to the structural aspect of architecture—specifically, the creation and organization of system elements (resources, endpoints) and their interactions, which aligns with the 'Existence' category.",0.85
0005-help-comments.md,"('adoble', 'adr-j')",Existence (ontocrisis),"The ADR primarily concerns the decision to implement a help command with associated documentation, which involves the creation and annotation of code elements (command classes) with usage documentation. This is a structural decision about the existence and organization of help-related components within the system.",0.85
0005-we-chose-our-primary-cloud-provider.md,"('agnesei', 'clone_difitalcitizenship')",Existence (ontocrisis),"The ADR primarily discusses the selection and utilization of specific cloud services and components (e.g., CosmosDB, Queue Storage, Functions, Notification Hubs, Application Insights) provided by Microsoft Azure. This involves decisions about which elements will exist in the architecture to fulfill the system's requirements, aligning with the structural and behavioral aspects of existence decisions.",0.85
0013-show-no-kickers-for-ties.md,"('alexanderbird', 'texas-holdem-code-challenge')",Existence (ontocrisis),"The ADR explicitly states a decision not to display certain elements (kickers) in the user interface when ties occur, which relates to the presence or absence of specific visual or functional elements in the system. This is a structural decision about what will or will not be shown in the system's presentation layer.",0.8
0005-minimize-the-amount-of-code-that-must-be-tested-in-the-browser.md,"('alexanderbird', 'where-away')",Executive (pericrisis),"The ADR focuses on a process-related decision to optimize testing and build processes, which impacts the development methodology and tooling rather than the system's structural or behavioral architecture. It is driven by practical, organizational, and process considerations rather than the design of system components or qualities.",0.7
adr-006-track-metrics-via-time-dimension.md,"('alphagov', 'content-data-api')",Existence (ontocrisis),"The ADR explicitly discusses building a data warehouse to create a new architectural artifact that consolidates data from multiple sources. This decision involves the creation and existence of a new structural component (the data warehouse) within the system architecture, aligning with the 'Existence' category.",0.85
0005-avoiding-initialisation-flickers.md,"('alphagov', 'content-publisher')",Existence (ontocrisis),"The ADR discusses implementing a specific approach to control the presence of CSS classes (`js-enabled`, `js-failed`) on the HTML body element to manage content visibility during page load. This directly involves the creation and management of DOM elements and their states, which are structural elements in the architecture.",0.85
0008-interrogation-method-iam-role.md,"('alphagov', 'csw-backend')",Existence (ontocrisis),"The ADR primarily discusses creating an IAM role and policy, which are concrete artifacts that will exist in the system. The decision focuses on the structural aspect of deploying specific elements (IAM role and policy) to enable access, aligning with the 'existence' category.",0.85
adr-003-initial-data-retention-strategy.md,"('alphagov', 'email-alert-api')",Existence (ontocrisis),"The ADR primarily discusses data retention, archiving, and the creation or modification of data storage elements such as tables, fields, and data archiving processes. These are structural decisions related to the existence and organization of data artifacts within the system.",0.85
0006-puppet-architecture.md,"('alphagov', 'govuk-aws')",Existence (ontocrisis),"The ADR explicitly discusses architectural elements related to the Puppetmaster, including the decision to use or not use a Puppetmaster, which directly pertains to the existence of this component within the system architecture. The decision to adopt a Puppetmaster aligns with structural architectural decisions about system components.",0.85
0017-terraform-data-structure.md,"('alphagov', 'govuk-aws')",Existence (ontocrisis),"The ADR describes a specific directory and file structure for Terraform data configurations, which directly relates to the creation and organization of system artifacts. It specifies what elements (data structures, files, directories) will exist in the system, aligning with the structural aspect of the existence category.",0.85
0022-remove-the-elasticsearch-proxy.md,"('alphagov', 'govuk-aws')",Existence (ontocrisis),"The ADR discusses the removal of an existing proxy component (Elasticsearch proxy), which directly relates to the existence or non-existence of system elements. The decision to remove the proxy and rely on AWS ELB involves structural decisions about system components and their interactions.",0.85
0010-use-dex-idp-for-user-web-auth.md,"('alphagov', 'govuk-infrastructure')",Existence (ontocrisis),"The ADR primarily discusses the implementation of an authentication component (Dex) to provide user authentication services across web applications. This decision involves establishing the existence of a new system component (Dex) that will serve as a single sign-on (SSO) service, integrating with other systems and protocols. The focus is on creating and deploying an architectural element that will exist within the system to fulfill authentication requirements.",0.85
0004-structure-for-terraform-projects.md,"('alphagov', 'govuk-kubernetes-discovery')",Existence (ontocrisis),"The ADR primarily focuses on structuring and organizing Terraform code, modules, and resources, which are elements that will exist in the system's architecture. It discusses how to partition code, manage resources, and organize components, all of which are structural decisions about what elements will be present and how they are arranged.",0.85
ADR003-container-orchestration.md,"('alphagov', 'gsp')",Existence (ontocrisis),"The ADR discusses selecting and building upon Kubernetes as the foundational container orchestrator, which involves making a structural decision to establish a specific system component that will exist in the architecture. This decision directly pertains to the existence of a core element (Kubernetes) as the base layer for container orchestration.",0.85
ADR004-tenant-isolation.md,"('alphagov', 'gsp')",Existence (ontocrisis),"The ADR explicitly discusses the decision to manage multiple Kubernetes clusters, which involves creating and deploying specific infrastructure elements (clusters, VPCs, accounts). This is a structural decision about what elements will exist in the architecture to achieve isolation and separation goals.",0.85
ADR022-logging.md,"('alphagov', 'gsp')",Existence (ontocrisis),"The ADR primarily discusses the decision to implement a logging infrastructure, specifically focusing on the existence and integration of log sources, storage, and shipping mechanisms. The core decision involves establishing where and how logs will exist and be managed, which aligns with the structural aspect of the 'Existence' category.",0.85
ADR034-one-service-operator-different-resource-kinds.md,"('alphagov', 'gsp')",Existence (ontocrisis),"The ADR discusses the decision to implement a 'single service operator' for multiple resource kinds, which directly relates to the creation and existence of a system component that manages resources. The focus is on whether this component will exist as a unified entity or multiple entities, aligning with the structural aspect of the 'Existence' category.",0.85
0003-use-ecs-for-initial-beta-buildout.md,"('alphagov', 'monitoring-doc')",Existence (ontocrisis),"The ADR explicitly states the decision to use Amazon ECS for deploying Prometheus, which involves creating and deploying infrastructure components. This is a structural decision about the existence and deployment of an infrastructure element within the architecture.",0.85
ADR007-paas-taking-ownership.md,"('alphagov', 'paas-csls-splunk-broker')",Executive (pericrisis),"The ADR discusses a decision related to ownership, maintenance responsibility, and operational setup, which are driven by organizational, business, and process considerations rather than direct architectural or technical design elements. It reflects a strategic choice about who maintains the system and how it is managed within the organizational context.",0.7
ADR003-AWS-credentials.html.md,"('alphagov', 'paas-team-manual')",Existence (ontocrisis),"The ADR primarily discusses the implementation of a specific infrastructure element—using IAM roles and instance profiles for AWS access—indicating a structural decision about what elements will exist in the system's architecture. It details how AWS credentials will be managed and accessed, which directly relates to the existence and configuration of infrastructure components and their interaction mechanisms.",0.85
ADR004-domain-naming-scheme.html.md,"('alphagov', 'paas-team-manual')",Property (diacrisis),"The ADR primarily addresses naming conventions and domain schemes, which relate to system properties such as purpose, environment distinction, and naming constraints. These are enduring qualities and constraints that influence the system's structure and external interface, fitting the property decision category.",0.7
ADR022-web_app_language_and_framework_selection.html.md,"('alphagov', 'paas-team-manual')",Existence (ontocrisis),"The ADR explicitly states the decision to use Ruby and Rails for developing web applications, which involves selecting specific technologies and frameworks to be implemented in the system. This is a structural decision about which elements (programming language and framework) will exist in the architecture.",0.85
ADR033-redirect-http-for-applications.html.md,"('alphagov', 'paas-team-manual')",Existence (ontocrisis),"The ADR explicitly discusses the decision to implement a redirect endpoint that exists within the system architecture to handle HTTP to HTTPS redirection. This involves the creation and configuration of an architectural element (the redirect endpoint) that will exist in the system, which aligns with the structural aspect of existence decisions.",0.85
adr-005-forking-frontend-components-from-govuk-frontend.md,"('alphagov', 'publisher')",Existence (ontocrisis),"The ADR describes the decision to fork and incorporate a specific frontend component (radio buttons) from GOV.UK Frontend, which involves creating or adopting an architectural element within the system. This aligns with structural decisions about what components or artifacts will exist in the architecture.",0.85
0004-pin-versions-of-jenkins-and-plugins.md,"('alphagov', 're-build-systems')",Existence (ontocrisis),"The ADR primarily discusses decisions related to supporting, pinning, and managing specific versions of Jenkins and plugins, which directly involve the existence and configuration of system components and artifacts. It focuses on how to establish and maintain specific system elements (e.g., pinned versions, supported plugins), aligning with structural decisions about what elements will exist and how they are managed.",0.85
adr-003-popularity-updating-without-index-locks.md,"('alphagov', 'search-api')",Executive (pericrisis),"The ADR discusses a change in the approach to index updating, which impacts the development process and the technology choices (e.g., switching from index locking to external versioning). It also considers simplifying the process and avoiding certain operational constraints, which are organizational and process-oriented considerations typical of executive decisions.",0.6
0003-use-files-to-store-private-keys copy.md,"('alphagov', 'verify-onboarding-prototypes')",Existence (ontocrisis),"The ADR explicitly states the decision to use files for storing private keys, which is a structural choice about how a specific artifact (private keys) will exist within the system. It addresses the method of storing and managing the private keys, which directly relates to the existence of a system element.",0.85
20190327-hashing-attributes.md,"('alphagov', 'verify-proxy-node')",Property (diacrisis),"The ADR primarily discusses implementing a security control (hash logging) to ensure data integrity and confidence in identity information, which relates to system properties such as security and data integrity constraints. It does not specify the existence or non-existence of system elements nor organizational or process decisions.",0.7
0021-we-will-use-http-200-for-valid-saml.md,"('alphagov', 'verify-service-provider')",Executive (pericrisis),"The ADR primarily addresses organizational and procedural aspects of API behavior, such as response codes, error handling, and communication protocols, which are driven by business and operational considerations rather than structural or quality attribute concerns. It involves decisions about how the system interacts with clients and how errors are communicated, aligning with executive decisions that influence development processes and organizational policies.",0.7
0024-release-process-for-verify-service-provider.md,"('alphagov', 'verify-service-provider')",Existence (ontocrisis),"The ADR primarily describes the process and steps involved in releasing and distributing a software artifact securely, which relates to the existence and deployment of the artifact within the system. It details how the release process is managed, signed, and distributed to RPs, focusing on the creation and delivery of the artifact.",0.85
0010-shape-annotation-types.md,"('aml-org', 'amf')",Existence (ontocrisis),"The ADR focuses on adding annotation types to ensure traceability of model elements, which involves explicitly declaring the existence and nature of these elements within the model. The decision is about defining and categorizing elements (annotations) that will exist in the system's model, aligning with structural and behavioral existence decisions.",0.85
0009-source-information-node-storing-source-locations.md,"('aml-org', 'amf-core')",Existence (ontocrisis),"The ADR describes a structural decision to introduce a new node (BaseUnitSourceInformation) into the model, which directly relates to the existence of an architectural element within the system. It specifies the creation and integration of a new artifact (source information node) into the architecture, aligning with the 'existence' category.",0.85
0004-keep-qa-and-devs-html-selectors-separate.md,"('anilewek', 'adr')",Executive (pericrisis),"The ADR describes a decision related to organizational and process choices—specifically, the decision to keep separate selector sets maintained independently by QA and development teams, citing reasons related to tooling, conventions, and team needs. This aligns with executive decisions that influence development processes and organizational practices rather than system structure or properties.",0.9
ADR-20-explorer-settings-panel-architecture.md,"('anilewek', 'adr')",Existence (ontocrisis),"The ADR primarily focuses on defining the structure and components of the Settings Panel, Sections, Widgets, and Controls, which are all elements that will exist in the system. It details how these elements are instantiated, configured, and organized, aligning with the structural aspect of the existence category.",0.85
ADR-32-wearable-committee-reverts.md,"('anilewek', 'adr')",Existence (ontocrisis),"The ADR discusses implementing a mechanism to specify and verify wearable versions via hashing and validation processes, which directly relates to defining and managing specific system elements (wearable versions) and their existence in the system. The decision to use hashes and validation steps pertains to establishing the existence and integrity of particular artifacts within the system.",0.85
ADR-43-catalyst-api-refinment.md,"('anilewek', 'adr')",Existence (ontocrisis),"The ADR primarily discusses the deprecation, modification, and management of various API endpoints, which are elements of the system's architecture. The focus is on which endpoints will exist, be modified, or be removed, directly relating to the structural aspect of the architecture. The decision to deprecate or retain certain endpoints impacts the system's structure and its operational elements.",0.85
ADR-46-royalties-manager-v1.md,"('anilewek', 'adr')",Existence (ontocrisis),"The ADR describes the creation of a new module, 'Royalties Manager,' which is responsible for determining and returning the royalties receiver address based on on-chain data and interface implementations. This involves defining and implementing a new component that will exist within the system architecture, making it a structural decision about the existence of an architectural element.",0.85
0003-cqrs.md,"('anton-liauchuk', 'educational-platform')",Existence (ontocrisis),"The ADR explicitly states that the CQRS pattern will be used, which involves defining separate models and mechanisms for write and read operations. This decision directly impacts the system's structure by establishing the existence of distinct models and components for different functionalities, aligning with the structural aspect of the 'Existence' category.",0.85
0003-distributed-workqueue.md,"('apache', 'james-project')",Existence (ontocrisis),"The ADR primarily discusses the implementation of a distributed work queue, which involves the creation and configuration of specific architectural elements such as the RabbitMQ queue, task execution behavior, and node interactions. These are structural decisions about what components and interactions will exist in the system.",0.85
0005-distributed-task-termination-ackowledgement.md,"('apache', 'james-project')",Existence (ontocrisis),"The ADR primarily discusses the creation and deployment of a new event handling mechanism involving RabbitMQ, which involves establishing new components and interactions within the system architecture. The decision to implement a `RabbitMQEventHandler`, broadcast `TerminationEvent`s, and modify event dispatching directly relates to the structural aspect of the architecture, specifically the existence and configuration of components and connectors.",0.85
0024-polyglot-strategy.md,"('apache', 'james-project')",Existence (ontocrisis),"The ADR discusses the decision to implement certain components and mailets in Scala, which directly relates to the creation and addition of new architectural elements (components, mailets) in the system. This is a structural decision about what elements will exist in the architecture.",0.85
0026-removing-configured-additional-mailboxListeners.md,"('apache', 'james-project')",Existence (ontocrisis),"The ADR primarily discusses the addition and removal of mailbox listener configurations, specifically the management of queues and bindings in RabbitMQ, which are structural elements of the system. The decision involves creating, updating, and maintaining these components to support the system's event processing capabilities.",0.85
0028-Recompute-mailbox-quotas.md,"('apache', 'james-project')",Existence (ontocrisis),"The ADR describes implementing a corrective task that recomputes mailbox quotas, which involves creating or utilizing a process or component to perform this computation. This aligns with the 'Existence' category, as it pertains to the creation or deployment of a specific functionality within the system to address quota inconsistencies.",0.85
0035-distributed-listeners-configuration.md,"('apache', 'james-project')",Existence (ontocrisis),"The ADR primarily discusses the configuration, registration, and management of mailbox listeners, which are concrete elements that will exist within the system architecture. It details how these components are added, removed, and maintained, indicating a focus on the structural aspect of the architecture.",0.85
0042-applicative-read-repairs.md,"('apache', 'james-project')",Existence (ontocrisis),"The ADR primarily discusses implementing 'applicative read repairs' to ensure the existence and consistency of data elements (mailbox and mailbox-counters) within a distributed system. The focus is on creating a mechanism that maintains or restores the presence and correctness of these data artifacts during read operations, which aligns with the structural and behavioral aspects of declaring elements' existence in the architecture.",0.85
0050-jmap-web-push.md,"('apache', 'james-project')",Existence (ontocrisis),"The ADR primarily focuses on implementing a new feature—web push notifications—which involves creating and integrating new components such as the PushClient, storage mechanisms, and event handling infrastructure. These are structural decisions that establish the existence of new architectural elements necessary for the feature.",0.85
0003-have-the-master-documentation-in-the-readme.md,"('arachne-framework', 'architecture')",Executive (pericrisis),"The ADR focuses on a procedural and organizational aspect—specifically, establishing the README as the primary documentation source for onboarding and understanding the system. This decision pertains to project management, documentation practices, and organizational standards rather than structural, behavioral, or property aspects of the system itself.",0.7
0003-monitor-condition-and-data-selectors.md,"('arachne-framework', 'architecture')",Existence (ontocrisis),"The ADR primarily discusses the inclusion and management of data elements (entities) within the system, focusing on what data should be exposed and how it should be managed in the architecture. It addresses the existence of data elements and their selectors, which are structural components of the system's architecture.",0.85
0019-GPIO.md,"('arachne-framework', 'architecture')",Ban/Non-Existence (anticrisis),"The ADR explicitly states that the system will no longer accept core integrations over GPIO and will deprecate and remove existing ones, which aligns with the decision to declare the non-existence of certain integration types in the core system.",0.7
adr-015-data-abstraction-model.md,"('arachne-framework', 'architecture')",Existence (ontocrisis),"The ADR primarily discusses defining and implementing a data abstraction model, which involves specifying the existence and structure of data elements (entities, attributes) and their interactions. It focuses on creating a common data model and persistence operations, aligning with structural and behavioral aspects of system elements.",0.85
0010-archivematica-original-design-principles.md,"('archivematica', 'archivematica-architectural-decisions')",Existence (ontocrisis),"The ADR primarily discusses the design of a system that will generate and manage Archival Information Packages (AIPs), which involves defining the existence and structure of digital preservation artifacts, such as AIPs, metadata, and their components. The decision explicitly states that the application will generate system-independent, self-documenting AIPs, indicating a focus on the creation and structuring of system elements, aligning with the 'Existence' category.",0.85
0006-use-row-level-security-in-postgres-to-implement-multitenancy.md,"('avniproject', 'openchs-adr')",Existence (ontocrisis),"The ADR primarily discusses the implementation of multitenancy by defining how data and metadata elements will exist within the system, including the use of discriminators, RLS policies, and hierarchical organization structures. These are structural decisions that specify what elements (e.g., schemas, tables, policies) will be present and how they are organized to support multitenancy.",0.85
0004-api-key.md,"('awslabs', 'aws-sync-routes')",Executive (pericrisis),"The ADR focuses on a security and access control mechanism (API keys) to restrict access to an API endpoint, which is a decision driven by organizational and operational considerations rather than the system's structural or quality attributes. It pertains to the choice of a business or organizational policy (using API keys) to control access, aligning with the executive decision category.",0.7
adr-0002-backend-language-framework.md,"('azavea', 'pfb-network-connectivity')",Executive (pericrisis),"The ADR primarily concerns choosing a specific technology stack (Python, Django, Django Rest Framework) based on team familiarity, project constraints, and existing solutions. These are organizational and business-driven considerations rather than structural, behavioral, or quality attribute decisions.",0.7
2019-05-09-modular-architecture.md,"('bbc', 'digital-paper-edit-client')",Existence (ontocrisis),"The ADR primarily discusses the organization and separation of different software packages and repositories, which are structural elements of the architecture. The decision to modularize the system into separate packages and repositories directly relates to the existence of architectural components and their organization within the system.",0.85
2019-09-28-time-estimation-for-links.md,"('bbc', 'digital-paper-edit-client')",Existence (ontocrisis),"The ADR primarily discusses the decision to implement a specific method for estimating voice-over time, which involves defining an element or artifact (the 'words per minute calculator') that will exist in the system. The decision focuses on the creation and inclusion of this calculation method, aligning with structural or behavioral elements that will be part of the architecture.",0.85
ADR-003-handling-duplicate-node-ids.md,"('bbc', 'lrud')",Ban/Non-Existence (anticrisis),"The ADR explicitly discusses whether or not to support duplicate IDs, which involves ruling out the possibility of allowing duplicates to prevent confusion and complexity. The decision to disallow duplicates is a form of ruling out an element's existence in the design, fitting the 'Ban/Non-existence' category.",0.7
2018-10-02-component-fonts.md,"('bbc', 'react-transcript-editor')",Existence (ontocrisis),"The ADR discusses whether the font component should be included or inherited, which pertains to the decision about the existence of a specific system element (the font component). It considers whether to create or include a font component or to rely on inherited styles, aligning with structural existence decisions.",0.85
geocoder.md,"('bcgov', 'PIMS')",Existence (ontocrisis),"The ADR describes the decision to integrate with an external Geocoder API, which involves establishing the existence of a new system component (the API integration) within the architecture. It focuses on adding a new element that will exist in the system to improve data accuracy and user experience.",0.85
0012-can-t-use-esbuild.md,"('ben-biddington', 'news')",Ban/Non-Existence (anticrisis),"The ADR explicitly states the decision to 'wait for later version,' indicating a choice to not proceed with using esbuild at this time. This aligns with a decision to exclude or not implement a particular element (esbuild) in the current system, which corresponds to a non-existence (anticrisis) decision.",0.7
0003-use-typescript.md,"('benjamminj', 'portfolio')",Existence (ontocrisis),"The ADR explicitly states the decision to adopt TypeScript for the project, which is a structural element of the architecture. It involves choosing a specific technology that will exist in the system's implementation, affecting how the codebase is structured and how components interact.",0.85
0018-backwards-differential-solver.md,"('biosustain', 'Maud')",Existence (ontocrisis),"The ADR describes a decision to revert to a specific ODE solver, which directly impacts the existence and selection of a particular implementation artifact (the solver). It involves choosing between different structural components (solvers) based on their stability and performance, thus primarily affecting the system's structural configuration.",0.85
adr_python-dev-env.md,"('boxwise', 'boxtribute')",Existence (ontocrisis),"The ADR primarily discusses the selection and configuration of tools and environments that will exist within the development setup, such as testing frameworks, formatting tools, and virtual environments. These are structural decisions about what artifacts and tools will be part of the system's development environment.",0.85
0004-layered-architecture.md,"('budproj', 'architecture-decision-log')",Existence (ontocrisis),"The ADR explicitly describes the adoption of a Layered Architecture pattern, which involves defining and establishing specific structural elements (layers) within the system. This decision directly relates to the creation and organization of system components and their interactions, characteristic of an existence decision.",0.85
007-package-repository.md,"('budproj', 'unfinished-design-system')",Executive (pericrisis),"The ADR primarily concerns choosing a package repository hosting solution (Github Packages), which is a strategic, organizational, and tooling decision driven by business and operational considerations rather than direct architectural structure or properties. It reflects a decision influenced by organizational context, experience, and future plans, aligning with the executive decision category.",0.7
0010-jpa-manages-schema.md,"('buildit', 'bookit-api')",Existence (ontocrisis),"The ADR discusses leveraging Hibernate's 'ddl-auto' feature to manage the creation and updating of database schemas, which directly relates to the existence and management of database artifacts within the system architecture.",0.85
0005-use-aws-rds-aurora-mysql-for-database-persistence.md,"('buildit', 'digitalrig-metal-aws')",Existence (ontocrisis),"The ADR explicitly states the decision to use a specific database technology (AWS RDS Aurora MySQL) for persistence, which is a structural element in the architecture. It involves creating and deploying a concrete component (the database system) as part of the system's design.",0.9
6_package-module-support.md,"('button-inc', 'service-development-toolkit')",Existence (ontocrisis),"The ADR discusses supporting various module formats (CommonJS, ES Modules, UMD, AMD), which are concrete artifacts or elements in the system's architecture. The decision to support or not support specific module types directly relates to the existence of these architectural elements within the system's design.",0.85
zindex-values.md,"('cbinsights', 'form-design-system')",Existence (ontocrisis),"The ADR explicitly discusses setting standards for z-index values, which directly relates to defining and establishing the existence of specific structural elements (z-index layers and ranges) within the system's front-end architecture. It involves decisions about how elements will be layered and interact visually, which are structural decisions about the system's visual and interaction architecture.",0.85
adr-003-abci-app-rpc.md,"('celestiaorg', 'celestia-core')",Existence (ontocrisis),"The ADR explicitly discusses whether an RPC server should be exposed by the ABCI application, which is a structural decision about the existence of a component in the system architecture. The decision to expose or not expose the RPC server directly impacts the system's architecture by adding or removing an element.",0.85
adr-020-block-size.md,"('celestiaorg', 'celestia-core')",Existence (ontocrisis),"The ADR primarily discusses the definition and enforcement of size limits on blocks and transactions within the system, which involves declaring the existence of size constraints and the elements (transactions, evidence, headers) that will be included in a block. It focuses on structural decisions about what elements will exist and how they are bounded, fitting into the category of declaring the existence of system artifacts and their size constraints.",0.85
adr-021-abci-events.md,"('celestiaorg', 'celestia-core')",Existence (ontocrisis),"The ADR primarily discusses the structural and behavioral aspects of the system, specifically how events and tags are represented and managed within the system. The decision to change the data structure from a list of tags to a list of events directly relates to the existence and organization of system elements and their interactions.",0.85
adr-051-double-signing-risk-reduction.md,"('celestiaorg', 'celestia-core')",Existence (ontocrisis),"The ADR describes a specific structural mechanism to reduce the risk of double signing by checking recent blocks for validator votes, which directly involves the existence and behavior of system components (e.g., consensus state machine, validator nodes). It specifies the implementation of a feature that will exist in the system to prevent a particular class of errors.",0.85
adr-055-protobuf-design.md,"('celestiaorg', 'celestia-core')",Existence (ontocrisis),"The ADR primarily discusses the decision to adopt a specific serialization format (Protobuf) and the structural organization of related files and types. This involves declaring the existence of new artifacts (e.g., proto files, generated types) and the transition from existing ones, which aligns with structural and artifact creation decisions.",0.85
adr-056-light-client-amnesia-attacks.md,"('celestiaorg', 'celestia-core')",Existence (ontocrisis),"The ADR discusses the detection and handling of a specific type of structural and behavioral issue (light client amnesia attacks), including the implementation of evidence detection, verification, and on-chain handling mechanisms. It focuses on what elements (evidence, validators, light clients) will exist and how they interact to prevent or detect the attack, aligning with the structural and behavioral aspects of existence decisions.",0.85
adr-060-go-api-stability.md,"('celestiaorg', 'celestia-core')",Executive (pericrisis),"The ADR primarily addresses organizational and process-level decisions related to API stability, versioning, and public/private API management, which are driven by business and organizational considerations rather than direct structural or behavioral design elements.",0.6
adr-062-p2p-architecture.md,"('celestiaorg', 'celestia-core')",Existence (ontocrisis),"The ADR primarily focuses on redesigning and defining the architecture and interfaces of the P2P stack, including components like transports, channels, routers, and peer management. It specifies the existence and structure of these components, their interactions, and how they will be instantiated and managed, which aligns with the 'Existence' decision category.",0.85
adr-064-batch-verification.md,"('celestiaorg', 'celestia-core')",Existence (ontocrisis),"The ADR primarily discusses the implementation of a new interface and methods for batch verification of cryptographic signatures, which directly relates to the creation and existence of a new architectural element (the BatchVerifier interface and its associated methods). This decision involves defining a new structural component that will exist within the system to improve verification performance.",0.85
adr-067-mempool-refactor.md,"('celestiaorg', 'celestia-core')",Existence (ontocrisis),"The ADR primarily focuses on the structural aspect of the mempool, specifically on how transactions are stored, indexed, and retrieved within the system. It introduces new data structures (e.g., priority queue, sender-to-transaction mapping) and modifies existing ones to support transaction prioritization, which are core structural decisions. Although it mentions some behavioral and organizational considerations, the main emphasis is on the existence and management of specific architecture elements (the mempool and its indexes).",0.85
adr-068-reverse-sync.md,"('celestiaorg', 'celestia-core')",Existence (ontocrisis),"The ADR primarily focuses on extending the state sync protocol by adding new message types, components, and data structures to fetch, verify, and store light blocks. These are structural elements that will exist in the system to enable reverse sync functionality.",0.85
adr-007-header-commit-to-shares.md,"('celestiaorg', 'optimint')",Existence (ontocrisis),"The ADR primarily discusses structural commitments related to including specific data roots and headers within the rollup block, which are elements that will exist in the architecture. It focuses on how data elements (like headers, footers, and commitments) are incorporated into the system, indicating a decision about what components and data structures will be present.",0.85
0003-choice-of-react.md,"('change-metrics', 'monocle')",Executive (pericrisis),"The ADR primarily discusses the choice of a technology (React) based on its popularity, community support, and suitability for building a web client. This decision is driven by external factors such as industry standards, community resources, and project benefits, rather than the structural or quality attributes of the system itself.",0.7
adr-2018-10-04.md,"('chef', 'automate')",Existence (ontocrisis),"The ADR primarily discusses the use and management of identifiers (names and UUIDs) for entities within the system, which directly relates to the existence and identification of system elements. It specifies how entities will be identified, named, and referenced, which are structural decisions about what elements will exist and how they are represented.",0.85
0008-use-linter-for-css.md,"('chunksnbits', 'tooling')",Existence (ontocrisis),"The ADR discusses the selection and use of specific tooling (stylelint) and a CSS naming convention (BEM), which are artifacts or elements introduced into the system to support CSS linting and style enforcement. The decision to adopt these tools and conventions directly relates to the creation and existence of these elements within the architecture.",0.85
0005-implement-minimal-api-abstracting-grimoire.md,"('cljdoc', 'cljdoc')",Existence (ontocrisis),"The ADR primarily discusses the implementation of a minimal API and cache structure to facilitate data access and reuse across different languages. This involves defining and creating new artifacts (the cache API, data files, and their structure), which aligns with the structural and behavioral aspects of existence decisions. It does not primarily focus on ruling out elements (non-existence), setting enduring properties (property), or organizational/business decisions (executive).",0.85
0008-implement-workarounds-for-capi-and-log-cache-to-unblock-global-strict-mtls.md,"('cloudfoundry', 'cf-k8s-networking')",Executive (pericrisis),"The ADR primarily addresses a procedural and organizational decision to implement workarounds via policies, which are driven by operational and organizational considerations rather than direct structural, behavioral, or property design choices. It involves managing incompatibilities and configuring policies to unblock development, aligning with decisions influenced by the business environment and organizational processes.",0.9
0004-v7-push-refactor.md,"('cloudfoundry', 'cli')",Existence (ontocrisis),"The ADR primarily discusses refactoring the code to structure the push process into sequences of functions that prepare and actualize deployment plans, effectively declaring the existence and organization of these components within the architecture. It focuses on how the system's components (e.g., push plans, functions) are structured and interact, aligning with the structural aspect of existence decisions.",0.85
0010-renaming-space-application-suporter-role-to-space-supporter.md,"('cloudfoundry', 'cloud_controller_ng')",Executive (pericrisis),"The ADR primarily addresses a process-related decision involving versioning, migration strategy, and operational procedures, rather than structural or property aspects of the system. It discusses creating new tables, deprecating old ones, and managing upgrade paths, which are organizational and procedural choices driven by business and operational considerations.",0.7
0004-check-in-copilot-dependencies-that-were-already-vendored.md,"('cloudfoundry-attic', 'copilot')",Existence (ontocrisis),"The ADR primarily discusses the existence and management of dependencies and source code artifacts within the build process. It involves decisions about what elements (e.g., vendor directories, dependencies) will be included in the system, such as checking in source code and removing external tools like dep. These are structural decisions about what artifacts will exist in the build and deployment process.",0.85
0007-frame-vs-scale.md,"('contiamo', 'operational-visualizations')",Existence (ontocrisis),"The ADR discusses the handling and ordering of data elements within the visualization framework, specifically focusing on how data points and scales are managed and ordered to ensure correct rendering. This involves decisions about the existence and organization of data structures (frames, scales, unique values) and their relationships, which aligns with structural and behavioral aspects of the 'Existence' category.",0.85
adr-004-split-denomination-keys.md,"('cosmos', 'cosmos-sdk')",Existence (ontocrisis),"The ADR primarily discusses how balances are stored and managed within the system, focusing on the creation and organization of data structures for account balances per denomination. It details the implementation of storage keys, APIs, and data access patterns, which are structural decisions about the existence and organization of system elements.",0.85
adr-006-secret-store-replacement.md,"('cosmos', 'cosmos-sdk')",Existence (ontocrisis),"The ADR discusses replacing an existing secret storage backend with a new one, which involves the creation and integration of a new architectural element (the keyring abstraction layer). This decision directly pertains to the existence and structuring of system components related to secret storage.",0.85
adr-020-protobuf-transaction-encoding.md,"('cosmos', 'cosmos-sdk')",Existence (ontocrisis),"The ADR primarily discusses the design and structure of transaction data types, including messages like Tx, TxRaw, TxBody, and AuthInfo, which are all about defining what elements will exist in the system and how they are structured. It specifies the encoding, serialization, and composition of these elements, which directly relates to the declaration of system artifacts and their interactions.",0.85
adr-029-fee-grant-module.md,"('cosmos', 'cosmos-sdk')",Existence (ontocrisis),"The ADR describes the creation of a new module (`x/feegrant`) that introduces new components and elements into the system, such as fee allowances, interfaces, messages, and transaction fields. This constitutes a structural decision to add new artifacts to the architecture.",0.9
adr-044-protobuf-updates-guidelines.md,"('cosmos', 'cosmos-sdk')",Executive (pericrisis),"This ADR primarily addresses guidelines and policies for updating protobuf definitions within the Cosmos SDK, which are driven by organizational and procedural considerations rather than direct architectural structures or properties. It involves decisions about how the development process is managed, versioning policies, and compatibility rules, all of which are characteristic of executive or organizational decisions.",0.9
adr-015-ibc-packet-receiver.md,"('cosmos', 'ibc-go')",Existence (ontocrisis),"The ADR primarily discusses the implementation and modification of components that will exist within the system, such as the `PortKeeper`, `ChannelKeeper`, and the `runTx` method, which are structural elements responsible for routing, state management, and message handling. It also details how these components will be used and interact, indicating a focus on the existence and configuration of system elements.",0.85
0004-hexagonal-architecture-for-applications.md,"('croz-ltd', 'klokwrk-project')",Existence (ontocrisis),"The ADR explicitly states the decision to adopt 'hexagonal architecture' as the primary architectural style for the application, which involves defining the structure and artifacts of the system. This aligns with the structural aspect of existence decisions, as it specifies the architecture pattern and its concrete guidance.",0.85
0003-authenticate-frontstage-users-azure-b2c.md,"('cxpartners', 'sepa-customer-platform')",Executive (pericrisis),"The ADR primarily addresses a business-driven choice regarding the authentication method and user experience, influenced by organizational and vendor considerations, rather than directly defining system structure, properties, or explicit non-existence. It discusses selecting among existing Azure AD B2C policies and configurations, which are driven by business needs and operational constraints.",0.6
0003-for-machine-learning-select-a-vendor-specific-stack-of-a-general-stack.md,"('cyrilbois', 'developer-playbook')",Executive (pericrisis),"The ADR primarily reflects a business-driven choice to select a vendor-specific machine learning platform (AWS Sagemaker) over a more portable, flexible alternative. The decision is motivated by business needs such as speed, ease of use, and strategic alignment, rather than direct architectural structuring or property constraints.",0.7
API-010-appcallback-versioning.md,"('dapr', 'dapr')",Executive (pericrisis),"The ADR focuses on a strategic choice related to API versioning, which impacts the development process and organizational policies rather than the architecture's structural or behavioral elements. It addresses a decision driven by feasibility and operational considerations, aligning with executive or organizational decisions.",0.7
0004-use-client-side-rendering-create-react-app.md,"('dennisseidel', 'saas-platform-frontend')",Existence (ontocrisis),"The ADR explicitly states the decision to use Client Side Rendering (CSR) via Create React App, which involves the creation and deployment of a specific architectural element (the client-side rendered application). This is a structural decision about what technology and rendering approach will exist in the system.",0.85
0011-persistent-user-identity-proposal,"('department-of-veterans-affairs', 'va.gov-team')",Existence (ontocrisis),"The ADR discusses the introduction and restructuring of data tables (`user_verifications`, `user_accounts`, etc.) to manage persistent user identity, which directly relates to the creation and organization of system elements that handle user data and their relationships.",0.85
0002-choice-of-auth-provider.md,"('digirati-co-uk', 'bfi-discovery')",Executive (pericrisis),"The ADR primarily concerns selecting an authentication provider based on business and operational considerations such as cost, ease of deployment, and maintenance, which are driven by organizational and business environment factors rather than the system's structural or behavioral design. The decision is influenced by business needs and operational constraints, fitting the executive decision category.",0.9
ADR Folder structure.md,"('djsing', 'ELEN4010')",Existence (ontocrisis),"The ADR explicitly defines a folder structure, which is a structural element of the system's architecture. It specifies what components (folders and their contents) will exist in the project, aligning with the structural aspect of the existence category.",0.85
0008-location-of-testing-features.md,"('dogmatiq', 'dogma')",Executive (pericrisis),"The ADR primarily addresses organizational and process considerations related to module management, versioning, and release strategies, which are driven by business and organizational factors rather than the system's structural or behavioral design elements.",0.7
ADR-0006.md,"('dtr-org', 'unit-e-project')",Existence (ontocrisis),"The ADR explicitly discusses adopting a coding style guide, which pertains to the existence and application of a specific set of coding standards within the system. This decision impacts the structural aspect of the codebase by establishing a consistent style, thus directly relating to the existence of a coding style artifact.",0.85
0002-use-bullet-to-catch-nplus1-queries.md,"('dxw', 'dalmatian-frontend')",Executive (pericrisis),"The ADR focuses on a process and organizational decision to implement an automated check within the CI pipeline to prevent inefficient database queries. It pertains to development process, tooling, and organizational policies rather than the structural or behavioral design of system components or their qualities.",0.7
0008-use-different-aws-account-for-interacting-with-infrastructure-variables.md,"('dxw', 'dalmatian-frontend')",Executive (pericrisis),"The ADR focuses on a strategic choice related to how the application manages infrastructure variables across AWS accounts, which is driven by organizational, deployment, and tooling considerations rather than direct structural or behavioral design elements. It involves a decision about the approach to infrastructure management and operational complexity, aligning with business and organizational factors.",0.6
0005-use-dotenv-for-managing-environment-variables.md,"('dxw', 'rails-template')",Existence (ontocrisis),"The ADR explicitly discusses the decision to adopt DotEnv for managing environment variables, which is a structural aspect of the system's configuration. It involves the creation and use of an environment variable management mechanism, aligning with the structural nature of existence decisions.",0.85
0013-use-normalize-css-to-normalize-styles-across-browsers.md,"('dxw', 'react-template')",Existence (ontocrisis),"The ADR explicitly states the decision to incorporate Normalize.css to establish a consistent baseline style across browsers, which is a structural decision about the existence and application of a specific artifact (Normalize.css) in the system.",0.85
0005-use-this-repo-as-source-of-setup-scripts.md,"('dxw', 'wordpress-template')",Executive (pericrisis),"The ADR primarily addresses organizational and process-level decisions regarding repository management, responsibilities, and source of infrastructure files. These are driven by strategic, organizational, or business considerations rather than direct architectural structures or properties.",0.7
003-editor.md,"('ec-europa', 'europa-component-library')",Executive (pericrisis),"The ADR primarily concerns organizational and process choices related to how CSS rules are managed, structured, and integrated into the development workflow. It discusses the creation of a new package, presets, and the separation of concerns, which are organizational and tooling decisions rather than direct structural, behavioral, or property decisions.",0.9
0007 - Nd4j classifiers.md,"('eclipse', 'deeplearning4j')",Existence (ontocrisis),"The ADR primarily discusses the introduction and configuration of platform extensions and artifacts within the system, which relates to the existence and structuring of components and their configurations. It details how different build options and dependencies are managed, indicating structural decisions about what elements (extensions, artifacts) will exist and how they are linked or configured.",0.85
0007-configuration_objects.md,"('eclipse', 'deeplearning4j')",Existence (ontocrisis),"The ADR primarily discusses the addition of a new configuration object (`Config`) to the namespace context, which involves defining and establishing new structural elements (configuration holders) within the architecture. It focuses on how these configuration objects will exist and be used across operations, indicating a structural decision about the architecture's components.",0.85
0009-aliasing.md,"('eclipse', 'deeplearning4j')",Existence (ontocrisis),"The ADR describes the introduction of an aliasing mechanism that creates new references to existing API elements (operations) within different namespaces. This decision directly involves the creation and structuring of new elements (aliases) that will exist in the system, which aligns with the structural aspect of existence decisions. It does not primarily rule out elements (non-existence), set enduring properties, or address organizational/business decisions, but rather focuses on the creation and referencing of system components.",0.85
DADR-0004-signal-enrichment.md,"('eclipse', 'ditto')",Existence (ontocrisis),"The ADR discusses the implementation of a feature that involves creating new facade classes (`ByRoundTripSignalEnrichmentFacade` and `DittoCachingSignalEnrichmentFacade`) to provide specific enrichment behaviors. These are structural components that will exist in the architecture to realize the signal enrichment functionality, which aligns with the 'Existence' category, as it involves decisions about what elements (facades, caches) will be introduced into the system.",0.85
0003-double-encoded-urls.md,"('eclipse', 'winery')",Existence (ontocrisis),"The ADR discusses a specific implementation decision regarding URL encoding, which directly involves the existence and configuration of URL encoding mechanisms within the system. It specifies the chosen encoding method (double-encoded URLs) and compares alternatives, indicating a structural decision about how URLs are represented and processed.",0.85
0014-use-eclipse-orion-as-editor.md,"('eclipse', 'winery')",Executive (pericrisis),"The ADR primarily concerns the choice of a specific IDE (Eclipse Orion) based on project context, existing usage, and organizational preferences. It does not specify structural or behavioral architecture elements nor constraints or non-functional properties directly related to system design. Instead, it reflects a decision influenced by organizational, project, and tooling considerations, characteristic of executive decisions.",0.7
0019-version-in-the-name.md,"('eclipse', 'winery')",Existence (ontocrisis),"The ADR discusses the decision to implement versioning of TOSCA elements, which involves creating or defining a specific method for versioning within the system. This directly relates to the structural aspect of the architecture, specifically the existence and identification of elements (versions) within the system's artifacts, aligning with the 'Existence' category.",0.85
0004-Feature-Flags.md,"('edgexfoundry', 'edgex-docs')",Executive (pericrisis),"The ADR primarily addresses a strategic choice about whether to implement a feature flag mechanism, which is a process or organizational decision affecting development practices and priorities rather than a direct structural, behavioral, or property aspect of the system. It reflects a high-level decision influenced by organizational, cost, and process considerations, characteristic of executive decisions.",0.8
0009-persistence-and-retries-for-events.rst,"('edx', 'event-routing-backends')",Existence (ontocrisis),"The ADR primarily discusses the creation and management of system elements such as Celery tasks, event persistence, retries, and interfaces for monitoring. These are structural and behavioral decisions about what components will exist in the system and how they will interact, fitting the 'Existence' category.",0.85
0004_iso8601vsEpoch.md,"('eikek', 'docspell')",Executive (pericrisis),"The ADR discusses a choice of data format (ISO8601 vs. Unix milliseconds) based on technical and practical considerations, but the ultimate decision to adopt Unix timestamp is driven by application needs and developer preferences rather than structural or quality attributes. This aligns with an executive decision, which is influenced by organizational, technological, or process factors rather than the architecture's structural or property aspects.",0.9
0003-associations.md,"('elastic', 'cloud-on-k8s')",Existence (ontocrisis),"The ADR primarily discusses the modeling and management of associations between resources, which involves declaring the existence or non-existence of certain resources and their relationships. It details how resources like Users, associations, and configuration objects are created, referenced, and managed within the system, aligning with structural and behavioral aspects of declaring elements that will exist or not.",0.85
0007-make-monitoring-forwarders-storage-independent.md,"('elastisys', 'compliantkubernetes')",Existence (ontocrisis),"The ADR primarily discusses the choice of storage mechanisms for forwarders, focusing on how to implement storage elements (e.g., emptyDir, local persistent volumes) to ensure monitoring data buffering and resilience. These are structural decisions about the existence and configuration of storage components within the architecture.",0.85
0004-elife-user.md,"('elifesciences', 'elife-base-images')",Existence (ontocrisis),"The ADR explicitly defines the creation and assignment of specific user accounts (`elife` and `www-data`) and their roles in the system, as well as the ownership of files and directories. This decision pertains to the structural aspect of the architecture, establishing which elements (users, file ownerships, permissions) will exist and how they are configured.",0.85
0009-supported-python-versions-containers.md,"('elifesciences', 'tech-team')",Existence (ontocrisis),"The ADR discusses the creation and structuring of hardware abstraction layers (HAL) and drivers, which are elements that will exist in the system's architecture. It explicitly addresses how these components are organized, their interactions, and their abstraction levels, aligning with structural decisions about system elements.",0.85
0008-virtual-platform-as-mediator-pattern.md,"('embvm', 'embvm-core')",Existence (ontocrisis),"The ADR primarily discusses how to handle the inclusion of specific system headers (libc and libc++) within the build system, which involves decisions about whether these elements will exist in the build artifacts and how they are integrated. The focus is on the structural aspect of including or managing these components within the build process, aligning with the 'Existence' category.",0.85
0003-AWX-for-dlp-automation.md,"('emory-libraries', 'dlp-curate')",Existence (ontocrisis),"The ADR explicitly discusses adopting a new certificate structure (ERC-1888) to replace the current one, which involves creating or modifying the system's artifacts to support this new standard. The decision centers on the existence and structure of the certificate system, making it a structural (existence) decision.",0.85
0012-device-registries.md,"('energywebfoundation', 'origin')",Existence (ontocrisis),"The ADR describes modifications to the search implementation, including the introduction of a new class (`ESSearchFlatten`) and changes to existing components (`ESSearch`, `ResultsRemodeller.flatten`) to support result flattening. These are structural decisions that involve creating or modifying system components and their interactions to support a new feature.",0.85
0003-reanalysis-in-terms-of-ux-issues.md,"('geeksforsocialchange', 'PlaceCal')",Existence (ontocrisis),"The ADR discusses how optional parameters are represented and passed in the API, which directly relates to the structural aspect of the architecture—specifically, the existence and organization of API functions and their parameters. It focuses on how elements (API methods) are structured and how they exist within the system's design.",0.85
2018-10-30-storage-metadata-fields-and-optional.md,"('googleapis', 'google-cloud-cpp')",Existence (ontocrisis),"The ADR primarily discusses the implementation and structuring of WYSIWYG blocks within the WordPress Gutenberg editor, including porting templates, rendering strategies, and making certain UI elements editable in place. These are structural decisions about what elements (blocks) will exist in the system and how they are organized and rendered, fitting the 'Existence' category.",0.85
adr-0003-wysiwyg-blocks-architecture.md,"('greenpeace', 'planet4-docs')",Property (diacrisis),"The ADR primarily discusses introducing a new syntax and method for managing CSS variables, which relates to defining and constraining system properties (e.g., variable naming conventions, grouping of properties). It focuses on a cross-cutting concern about how properties are handled and organized, rather than structural or organizational decisions.",0.7
003-package-manager.md,"('guardian', 'cdk')",Existence (ontocrisis),"The ADR describes the creation of a formal review record for third-party technical evaluations, which involves documenting decisions and artifacts related to architecture. It specifies the process and format for recording these decisions, indicating an emphasis on the existence and structuring of architectural artifacts rather than ruling out elements, setting constraints, or making business-driven organizational decisions.",0.85
005-monorepo.md,"('guardian', 'dotcom-rendering')",Existence (ontocrisis),"The ADR discusses the setup and configuration of Storybook, a tool that will be installed and used to create and display components. This involves decisions about which components will exist in the system and how they will be organized and presented, aligning with structural and behavioral aspects of the architecture.",0.85
012-amp.md,"('guardian', 'dotcom-rendering')",Existence (ontocrisis),"The ADR describes a change in the underlying library (from React to Preact) and the associated architectural setup (using webpack aliases) to enable this switch. This involves the creation and configuration of architecture elements (libraries, modules, build configurations) to support the transition, which aligns with structural existence decisions.",0.85
017-javascript-loading.md,"('guardian', 'dotcom-rendering')",Existence (ontocrisis),"The ADR primarily discusses the implementation of a 'click to view' system that introduces new components and elements into the architecture to support embedded third-party content with tracking considerations. This involves the creation and management of new structural elements (e.g., components, overlays) and their interactions, which aligns with the structural and behavioral aspects of existence decisions.",0.85
10-architecture-diagrams.md,"('guardian', 'editions')",Executive (pericrisis),"The ADR primarily addresses organizational and process choices related to branching and release strategies, which are driven by business and organizational considerations rather than direct system structure or properties. It involves decisions about how development and deployment are managed, aligning with the executive level of decision-making.",0.75
0002-continuous-integration.md,"('guttih', 'island.is-glosur')",Executive (pericrisis),"The ADR primarily concerns selecting a static site generator based on technical and organizational considerations, which are driven by business, organizational, and tooling factors rather than the architecture's structural or behavioral elements. It involves evaluating options, constraints, and organizational preferences, aligning with decisions that influence the development process and organizational choices rather than the system's internal structure or properties.",0.7
0003-css.md,"('guttih', 'island.is-glosur')",Existence (ontocrisis),"The ADR discusses selecting specific protocols (OAuth 2.0 and OpenID Connect) for authentication and authorization, which are concrete elements or artifacts to be implemented in the system. This decision directly pertains to the existence of these protocols within the system architecture.",0.85
0007-placement-support.md,"('hamlet-io', 'architectural-decision-log')",Existence (ontocrisis),"The ADR primarily focuses on implementing concurrency control mechanisms, such as wrapping operations in retryable transactions and ensuring correct document updates. These decisions relate directly to the existence and management of system elements (transactions, concurrency controls) that will exist in the system to handle concurrent data loading. The decision is about establishing the presence of these mechanisms to ensure correct and performant operation.",0.85
0003-separate-validation-load.md,"('hathitrust', 'holdings-backend')",Existence (ontocrisis),"The ADR discusses structuring code to allow extendability through the use of interfaces, traits, and contracts, which are architectural elements that declare the existence of certain components and their interactions within the system. The decision focuses on how to organize and instantiate these elements to support flexibility and replaceability, aligning with structural and behavioral existence decisions.",0.85
0004-Setting_up_vault_as_a_cert_auth.md,"('hmcts', 'cnp-design-documentation')",Executive (pericrisis),"The ADR primarily discusses establishing a developer workflow, including process patterns, branching strategies, code review practices, deployment strategies, and organizational policies. These are driven by business and organizational considerations rather than the structural or quality attributes of the system itself, aligning with the definition of executive decisions.",0.75
0004-add-contact-and-welsh-information-links-into-footer.md,"('hmrc', 'play-frontend-hmrc')",Executive (pericrisis),"The ADR primarily addresses a process and organizational change—automating the creation and publishing of webjars within the internal deployment pipeline—rather than defining or modifying system structure, behavior, or properties. It involves decisions about tooling, repositories, and workflows driven by organizational needs and operational efficiency, characteristic of executive decisions.",0.7
0003-use-markdown-architectural-decision-records.md,"('hmrc', 'tracking-consent-frontend')",Ban/Non-Existence (anticrisis),"The ADR discusses removing a specific preference ('acceptAll') from the data model to prevent misinterpretation and ambiguity, effectively ruling out the existence of this element in future implementations. The decision focuses on eliminating a particular element rather than creating or modifying system structures or behaviors, aligning with the concept of banning or not including an element.",0.7
0005-alpha1-is-last-major-go-release.md,"('holochain', 'holochain-rust')",Existence (ontocrisis),"The ADR explicitly states the decision to build a new Distributed Hash Table (DHT) implementation from scratch, which involves creating a new architectural element (the DHT component). This is a structural decision about the existence and implementation of a system component.",0.9
003-prefer-multiple-config-files.md,"('hugolhafner', 'analytics-server')",Property (diacrisis),"The ADR discusses defining what 'done' means within an agile process, establishing a standard or property of the system's development process rather than creating or ruling out specific system elements. It focuses on a quality or constraint related to the process and criteria for completion, which aligns with the property decision category.",0.7
0048-template-generator.md,"('huifenqi', 'arch')",Existence (ontocrisis),"The ADR explicitly discusses feature toggles that control whether certain resources (e.g., DynamoDB table, Autoscaler) are created or not. This directly relates to the decision about the existence or non-existence of specific system elements based on configuration, which aligns with the 'Existence' category.",0.85
0010-terraform-backend-in-module.md,"('hyprnz', 'terraform-aws-dynamodb')",Existence (ontocrisis),"The ADR primarily discusses the creation and provisioning of dashboards (both default and custom) for monitoring purposes, which involves the instantiation of dashboard artifacts within the system. It focuses on the structural aspect of adding monitoring components, aligning with the 'existence' category that declares elements will exist in the architecture.",0.85
0009-msk-client-instance.md,"('hyprnz', 'terraform-aws-msk-module')",Executive (pericrisis),"The ADR primarily concerns a strategic choice about adopting TypeScript for the project, which impacts the development process, tooling, and organizational practices rather than the system's structural or behavioral elements. It reflects a business and process-level decision to standardize on a technology to achieve certain qualities and streamline workflows.",0.9
0004-yarn-npm-pnpm-and-docker.md,"('iampeterbanjo', 'iampeterbanjo.com')",Existence (ontocrisis),"The ADR discusses updating and managing schema definitions, types, and validation mechanisms, which are structural elements of the system. It focuses on how certain artifacts (schemas, types, validators) will exist and be used within the architecture, aligning with the 'Existence' category.",0.85
20191026 arch.md,"('ijmccallum', 'life-dashboard')",Existence (ontocrisis),"The ADR explicitly discusses the separation of logic between CDH and ETL services, emphasizing where specific processing elements (logic related to feeds) will exist or be implemented. The decision to house feed-specific logic within ETL and keep CDH focused on data models pertains to the creation and structuring of system components, which aligns with the 'Existence' category.",0.85
0003-uploaders.md,"('influx6-prive', 'cdh-adrs')",Existence (ontocrisis),"The ADR primarily focuses on creating and managing database tables to support ETL processes, which involves defining what elements (tables, data feeds, EAMs, etc.) will exist in the system. The decision centers around establishing new data structures and their relationships, which directly relates to the structural aspect of the architecture.",0.85
adr-007-error.md,"('informalsystems', 'ibc-rs')",Existence (ontocrisis),"The ADR describes the detection and handling of conflicting headers and commits within a blockchain light client, which involves establishing the existence of certain data elements (headers, commits, validator sets) and verifying their correctness. The focus is on the structural and behavioral aspects of data exchange and validation, which aligns with declaring the existence of these elements and their interactions.",0.85
adr-003-light-client-core-verification.md,"('informalsystems', 'tendermint-rs')",Existence (ontocrisis),"The ADR describes the design and implementation of an event subscription mechanism, which involves creating and managing entities such as `Subscription`, `Event`, and related interfaces. These are structural elements that will exist in the system to facilitate event streaming and subscription management, aligning with the 'Existence' category of Kruchten’s ontology.",0.85
cx-server-in-container.md,"('jchaudhu', 'SAP-Cloud')",Existence (ontocrisis),"The ADR discusses leveraging Kubernetes features to create and manage pods at different levels (per step, per stage, per pipeline), which directly relates to the structural aspect of the architecture—specifically, the existence and organization of deployment units (pods). The decision focuses on how elements (pods) will exist and be instantiated within the system, aligning with the structural nature of existence decisions.",0.85
state-management.md,"('jdanil', 'skunkworks')",Executive (pericrisis),"The ADR discusses a decision related to integrating Terraform with kops for deploying Kubernetes clusters, which is driven by operational and organizational considerations rather than direct architectural structure or properties. It reflects a strategic choice influenced by deployment environment and tooling, aligning with business or organizational factors rather than system structure or qualities.",0.7
0003-doc-about-platform.md,"('jmoratilla', 'devops-challenge')",Existence (ontocrisis),"The ADR primarily discusses mechanisms and practices to ensure the system's resilience and fault tolerance, which involve establishing the existence of monitoring, redundancy, security measures, and logging components within the architecture. These are structural decisions about what elements and artifacts should be present in the system to achieve resilience.",0.85
0011-use-a-ci-cd-tool-to-ease-provisioning-workflow.md,"('jmoratilla', 'sre-challenge')",Existence (ontocrisis),"The ADR discusses the implementation of a stream versioning mechanism within the system, which directly relates to the existence and management of system artifacts (streams, versions). It specifies how the system will handle stream versions to ensure consistency, indicating a structural decision about the existence and management of these elements.",0.85
0004-mongodb-datetime-representation.md,"('johanhaleby', 'occurrent')",Existence (ontocrisis),"The ADR explicitly discusses the decision to adopt MongoDB as the data storage element for the Operation API, which involves creating or selecting a specific storage technology to exist within the system architecture. The decision is about establishing a storage component that will be used in the system, aligning with the structural aspect of existence decisions.",0.85
0006-post-signalr-directly-from-mgcc.md,"('kakarotto67', 'mlmc')",Existence (ontocrisis),"The ADR primarily concerns the addition of a new searchable feature for events, which involves creating or modifying backend search capabilities and data structures. This directly relates to the existence of new system components (search index, API modifications) to support the feature.",0.85
0002-replace-username-with-email.md,"('kartevonmorgen', 'rfcs')",Existence (ontocrisis),"The ADR explicitly states the decision to use CircleCI for continuous integration and deployment, which involves establishing and deploying an infrastructure component (the CI/CD system). This decision is about the existence and configuration of a system element that will be part of the architecture, specifically the CI/CD pipeline setup.",0.85
0004-use-dapper-for-data-access.md,"('kbremner', 'read-more-api')",Existence (ontocrisis),The ADR explicitly discusses the introduction of a 'service layer' as a new architectural element that will exist in the system to separate concerns and organize functionality. It focuses on the structural aspect of the architecture by defining a new component responsible for executing actions on behalf of controllers.,0.85
008. Artifact-based deployment.md,"('kconner', 'godspeed-you-blocked-developer')",Existence (ontocrisis),"The ADR discusses the implementation of concrete map operations, which involve defining and supporting specific data structures and their behaviors within the system. The focus is on establishing the existence and behavior of map elements and operations, aligning with structural decisions about system components and their interactions.",0.85
2018-09-03-Owise-encoding.md,"('kframework', 'kore')",Ban/Non-Existence (anticrisis),"The ADR explicitly discusses decisions related to not handling certain terms or configurations, effectively ruling out the existence or handling of specific elements or cases in the system. It focuses on decisions to implement particular handling for configuration left-overs and 'not' terms, which aligns with declaring that certain elements or behaviors will not be processed or exist in the current system scope.",0.7
0004-divide-the-system-into-4-modules.md,"('kgrzybek', 'modular-monolith-with-ddd')",Existence (ontocrisis),"The ADR explicitly describes the adoption of a 2-layer architectural style for handling read operations, which involves defining and establishing specific structural elements (API layer and Application Service layer) within the system architecture. This decision directly pertains to the creation and organization of architectural components, aligning with the 'Existence' category.",0.85
2018-07-06_control-server-api.md,"('kolide', 'launcher')",Existence (ontocrisis),"The ADR discusses creating and maintaining two distinct object graphs for different purposes (code generation and serialization), which involves explicitly defining the existence and structure of these artifacts. This decision directly relates to how the system's components or artifacts will exist and be organized to serve different functionalities.",0.85
dr-011-Jaeger_as_a_tracing_back-end.md,"('kyma-project', 'community')",Existence (ontocrisis),"The ADR describes the decomposition of a monolithic Gateway into multiple independent services, which involves creating new architectural elements (services) and defining their responsibilities and interactions. This is fundamentally about establishing the existence and structure of these components within the architecture.",0.85
dr-018-Knative_based_Kyma_eventing.md,"('kyma-project', 'community')",Executive (pericrisis),"The ADR primarily discusses selecting a tool (Yeoman) based on business and organizational considerations, such as ease of use, popularity, and maintainability, which are driven by business environment and organizational factors rather than the system's structural or behavioral design elements.",0.7
0003-use-cleveref.md,"('latextemplates', 'generator-latex-template')",Existence (ontocrisis),"The ADR explicitly discusses the decision to separate data and metadata, which involves creating or modifying the existence of system elements (data and metadata objects). The decision to decouple these objects directly impacts the structural composition of the system, aligning with the 'Existence' category.",0.85
0003-Sample-objects-implemented-as-domain-range-tuple.md,"('latis-data', 'latis3')",Existence (ontocrisis),"The ADR primarily concerns the creation and structuring of a data source and the abstraction of data access mechanisms, which are structural elements of the architecture. It discusses building a resident data source and the associated gateways, indicating decisions about what components will exist and how they will be organized within the system.",0.85
ipc-between-wm-and-menu.md,"('lcarsde', 'lcarsde')",Existence (ontocrisis),"The ADR primarily discusses the decision to use arrays for schema mapping, which involves defining and implementing specific data structures (schemas) in code. This directly relates to the creation and structuring of artifacts within the system, characteristic of an existence decision. The focus on how data schemas are represented and manipulated indicates a structural architectural decision.",0.85
0004-use-arrays-for-mapping-schema.md,"('lcobucci', 'kafka')",Existence (ontocrisis),"The ADR describes the creation and implementation of a dedicated health-check endpoint for each service, which directly involves the existence of new system elements (endpoints, monitoring mechanisms). It focuses on structural decisions about adding components to monitor system health, fitting the 'Existence' category.",0.85
005 Service readiness checks.md,"('ldynia', 'archcolider')",Existence (ontocrisis),"The ADR discusses creating a feedback system that will exist within the application, involving the addition of new components and features such as feedback collection, surveys, and moderation functionalities. These are structural decisions about what elements will be part of the system.",0.85
adr004-module-export-structure.md,"('liatrio', 'backstage-internal')",Existence (ontocrisis),"The ADR explicitly states the decision to implement the MVVM architecture, which involves the creation and structuring of specific architectural layers (Presentation, Domain, Data). This is a structural decision about what elements will exist in the system and how they are organized.",0.85
0004-mvvm-for-android-development.md,"('linagora', 'linshare-mobile-android-app')",Existence (ontocrisis),"The ADR describes creating a `DownloadingRepository` to manage downloading tasks, which involves establishing a new component or artifact responsible for handling download operations. This is a structural decision that declares the existence of a repository component within the system architecture.",0.85
0004-upgrade-file-picker-library-version.md,"('linagora', 'linshare-mobile-flutter-app')",Existence (ontocrisis),"The ADR explicitly states that LinShare can make offline mode files one by one, which involves the creation and storage of specific data elements (files, folders, shared spaces) in the system. This indicates a structural decision about what elements will exist in the offline mode, aligning with the 'Existence' category.",0.85
0004-project-license-scheme.md,"('llowder', 'pupperware-party')",Existence (ontocrisis),"The ADR primarily discusses the selection and use of specific tools and services (AWS CodePipeline and CodeBuild) as part of the system's deployment and build infrastructure. This decision directly relates to the existence of these elements within the architecture, focusing on which components will be used and how they will be integrated, which aligns with structural decisions about system elements.",0.85
0003-start-with-aws-codepipeline-and-codebuild.md,"('lorenzo-deepcode', 'buildit-all')",Existence (ontocrisis),"The ADR primarily discusses the decision to use the id_token as a Bearer token, which directly relates to the existence and handling of a specific security artifact (the token) within the system. It involves decisions about how an element (the token) will be used and validated, which aligns with structural and behavioral aspects of system elements.",0.75
0007-azure-pipeline-security-model.md,"('marain-dotnet', 'Marain.Instance')",Existence (ontocrisis),"The ADR discusses architectural structuring decisions, specifically the choice to adopt a monorepo approach and how to organize directories to reflect features, applications, and plugins. These are structural decisions about what elements (e.g., repositories, directories, modules) will exist in the system, aligning with the 'Existence' category.",0.85
2018121201-stop-using-registers-in-processor.md,"('michelezamuner', 'smjs')",Existence (ontocrisis),"The ADR primarily discusses defining and establishing the existence of data-related elements such as DataUnit, Data, Size, and Address within the architecture. It focuses on what elements will exist and how they are structured, which aligns with structural decisions about system components and data representations.",0.85
017-Variable-Naming.md,"('ministryofjustice', 'cloud-platform')",Existence (ontocrisis),"The ADR primarily discusses the selection and configuration of infrastructure components and services (e.g., EKS, node groups, networking, IAM roles), which are elements that will exist in the system's architecture. It details decisions about what infrastructure artifacts will be used and how they are configured, aligning with the structural and behavioral aspects of existence decisions.",0.85
024-SSO-for-CP-Team-to-access-AWS.md,"('ministryofjustice', 'cloud-platform')",Existence (ontocrisis),"The ADR discusses specific configuration settings related to Kubernetes resource allocation, particularly CPU requests and limits, which are structural elements that define the existence and behavior of system components within the deployment environment. The decision focuses on how resources are allocated and constrained, directly impacting the system's architecture at the deployment level.",0.85
0010-decoupling-pact-tests-from-test-data.md,"('ministryofjustice', 'court-case-service')",Existence (ontocrisis),"The ADR primarily discusses a change in how emails are sent in response to form submissions, specifically consolidating multiple emails into fewer emails with multiple attachments. This involves a structural decision about the email communication artifact and its behavior, which directly relates to the existence and configuration of the email notification mechanism within the system.",0.85
0010-testing-the-editor-pipeline.md,"('ministryofjustice', 'form-builder')",Property (diacrisis),"The ADR discusses a strategic quality attribute—prioritizing consistency over availability—indicating a decision about a system property or constraint rather than a structural, behavioral, or organizational decision. It reflects a quality attribute choice related to system behavior under failure conditions.",0.7
0003-use-git-commits-to-explain-our-work.md,"('ministryofjustice', 'hmpps-interventions-docs')",Existence (ontocrisis),"The ADR describes the decision to implement a specific tool (ESLint) to enforce code style and catch errors, which involves the creation or adoption of a structural artifact (the ESLint tool and its configuration). This aligns with the category of declaring the existence of an element in the architecture.",0.85
0012-use-feature-flags-for-in-progress-features.md,"('ministryofjustice', 'hmpps-interventions-ui')",Executive (pericrisis),"The ADR primarily concerns choosing a specific tool (GitHub Actions) as the CI/CD runner, which is driven by organizational, strategic, and environmental factors rather than the design or structure of the system itself. The decision is influenced by organizational context, existing practices, and strategic alignment, fitting the executive decision category.",0.7
0004-use-bash-node-python-as-core-languages.md,"('ministryofjustice', 'modernisation-platform')",Existence (ontocrisis),"The ADR explicitly states the decision to use Secrets Manager for storing secrets, which is a structural element in the architecture. It involves the creation and integration of a specific component (Secrets Manager) into the system's architecture, aligning with the 'existence' category that covers structural decisions about elements that will be part of the system.",0.85
0004-separate-api-and-user-facing-applications.md,"('ministryofjustice', 'offender-management-architecture-decisions')",Executive (pericrisis),"The ADR primarily concerns the choice of tooling and processes for continuous integration and deployment, which are driven by organizational, business, and operational considerations rather than the architecture's structural or quality attributes. The decision impacts the development process, organizational practices, and tooling choices, aligning with the executive decision category.",0.7
0017-database-migrations.md,"('ministryofjustice', 'offender-management-architecture-decisions')",Existence (ontocrisis),"The ADR primarily discusses the specification and implementation of an API based on an existing standard (JSON:API). It involves decisions about adopting, leveraging, and specifying the existence of an API interface, which aligns with structural and behavioral elements of the architecture. The focus on defining the API's specification and how it will be realized indicates a decision about what architectural elements will exist in the system.",0.85
0004-content-negotiation.md,"('ministryofjustice', 'opg-data')",Existence (ontocrisis),"The ADR describes a decision to establish a specific domain structure and URL pattern for APIs, which involves defining the existence and organization of system components (microservice domains, environment-specific URLs). This is a structural decision about what elements will exist and how they are organized within the system architecture.",0.85
0008-flask-site-security.md,"('ministryofjustice', 'opg-lpa')",Existence (ontocrisis),"The ADR explicitly discusses the decision to continue using Terraform, an infrastructure as code tool, which involves the creation and deployment of infrastructure elements. This aligns with the 'Existence' category, as it pertains to the decision to establish and utilize specific artifacts (Terraform configurations) for infrastructure management.",0.85
0003-github-source-control.md,"('ministryofjustice', 'opg-modernising-lpa-docs')",Existence (ontocrisis),"The ADR explicitly discusses the use of AWS KMS to manage encryption keys, which involves the creation and management of cryptographic key artifacts within the system. This decision directly pertains to the existence and handling of security-related elements in the architecture.",0.85
0018-session-lifetime-and-session-based-cookies.md,"('ministryofjustice', 'opg-use-an-lpa')",Existence (ontocrisis),"The ADR explicitly states that AWS S3 will be used for storing digital object bitstreams, which is a structural decision about the existence of a storage component within the system architecture. It declares that a specific element (S3 storage) will exist and be part of the system's infrastructure.",0.85
0003-run-kubernetes-locally.md,"('mlibrary', 'nebula')",Existence (ontocrisis),"The ADR primarily discusses the creation and configuration of dedicated HAProxy load balancer instances for Kubernetes, which involves defining the existence and setup of these system components within the architecture.",0.85
0004-build-client-in-R.md,"('molgenis', 'molgenis-r-armadillo')",Existence (ontocrisis),"The ADR explicitly discusses implementing an endpoint to upload and load RData files, which involves creating or establishing a new functional component within the system. This is a structural decision that pertains to the existence and integration of specific system elements (the endpoint, client capabilities, and data formats).",0.85
0006-use-rdata-format-as-data-input.md,"('molgenis', 'molgenis-service-armadillo')",Existence (ontocrisis),"The ADR primarily addresses the handling and management of database artifacts, specifically the detection and deletion of corrupted database files. It involves decisions about whether the database will exist, how to identify its corruption, and actions to take upon detection, which aligns with structural and behavioral aspects of the system's architecture.",0.85
0002-database-corruption.md,"('mozilla', 'application-services')",Existence (ontocrisis),"The ADR primarily discusses architectural decisions related to how data will be fetched and visualized within the system, which involves defining the existence and integration of components, APIs, and visualization tools. The focus is on how elements such as REST APIs, Svelte components, and React components will be incorporated into the architecture, indicating structural decisions about what components and data flows will exist.",0.85
0003-analysis-visualization-architecture-approach.md,"('mozilla', 'experimenter')",Existence (ontocrisis),"The ADR primarily discusses the introduction of new web pages using HTMX and the coexistence of different UI technologies (React and HTMX). This involves decisions about which elements (pages, components) will exist in the architecture and how they are integrated, aligning with structural existence decisions.",0.85
0010-transition-fxa-from-backbone-to-react.md,"('mozilla', 'fxa')",Existence (ontocrisis),"The ADR primarily discusses the choice and use of CSS variables and SCSS, which are related to the existence and structuring of style artifacts within the architecture. It focuses on how styles are declared, organized, and applied, which aligns with structural decisions about the presence and management of style elements in the system.",0.85
0017-switch-settings-auth-to-sessiontoken.md,"('mozilla', 'fxa')",Ban/Non-Existence (anticrisis),"The ADR explicitly states the decision to stop using Hawk authentication in future work, which is a clear declaration that the element (Hawk) will not exist in the future system design. This aligns with the definition of a ban or non-existence decision.",0.8
0021-use-internjs-testing.md,"('mozilla', 'fxa')",Existence (ontocrisis),"The ADR discusses the selection of a data storage element (Google Cloud Firestore) to replace Stripe metadata, which directly involves the existence and integration of a new system component into the architecture. The decision focuses on establishing a new data storage element with specific properties and management features, aligning with the structural aspect of existence decisions.",0.85
0003-use-eks-cluster-as-default-container-platform.md,"('mozilla', 'sre-adrs')",Property (diacrisis),"The ADR primarily discusses a design choice related to how complex data types are serialized and passed across the FFI boundary, which pertains to the properties or constraints of the system's data handling approach. It does not declare the existence or non-existence of specific elements, nor does it address organizational or process-level decisions. The focus on serialization scheme and safety considerations aligns with a property decision, as it defines a specific characteristic of the data exchange mechanism.",0.75
0006-wrapping-types.md,"('mozilla', 'uniffi-rs')",Existence (ontocrisis),"The ADR explicitly discusses the creation and configuration of network infrastructure components, specifically the establishment of public and private subnets within a VPC. This involves decisions about which elements will exist in the architecture, such as subnets and IP address allocations, aligning with the structural aspect of existence decisions.",0.85
0004-prometheus-and-alertmanager-monitoring-and-alerting.md,"('mozmeao', 'infra')",Existence (ontocrisis),"The ADR primarily discusses the decision to move templates and related assets into dedicated Django models, which involves creating and defining new structural elements within the system architecture. This is a structural decision aimed at establishing the existence and organization of new components (models, icons, templates) in the system.",0.85
0005-frequency-capping.md,"('mozmeao', 'snippets-service')",Existence (ontocrisis),"The ADR primarily discusses the creation and configuration of a new Custom Resource Definition (CRD) to manage Kafka topics and access, which directly relates to the structural aspect of the architecture. It focuses on defining an element that will exist within the system to facilitate configuration and interaction, aligning with the 'existence' decision category.",0.85
0004-only-for-aiven.md,"('nais', 'kafkarator')",Executive (pericrisis),"The ADR focuses on selecting a specific compute service (Azure App Services) based on operational, organizational, and technological considerations. It involves choosing a platform that aligns with business needs, development practices, and operational constraints, rather than defining system structure or properties directly.",0.7
Messaging choice.md,"('namitms', 'FindMeFoodTrucks')",Executive (pericrisis),"The ADR primarily addresses a strategic choice about the authentication system to be used across the TDR platform, considering organizational, security, and technological factors. It involves selecting a technology (Keycloak) based on business and organizational considerations, rather than directly defining system structure or properties.",0.7
0018-govkuk-notify-staging-configuration.md,"('nationalarchives', 'tdr-dev-documentation')",Existence (ontocrisis),"The ADR specifies a change in the URL scheme for court judgment transfers, which involves creating or modifying the system's structural element (the URL routing scheme). This decision directly impacts the existence and configuration of system components related to URL handling and routing, aligning with the structural aspect of the 'Existence' category.",0.85
0021-service-unavailable-page.md,"('nationalarchives', 'tdr-dev-documentation')",Existence (ontocrisis),"The ADR primarily discusses the implementation of hostname resolution and the behavior of the client library in establishing TCP connections, which involves decisions about the existence and handling of network elements (IP addresses, DNS resolution, connection attempts). It specifies how certain elements (IP addresses, resolution process) will exist and be used in the system, aligning with structural and behavioral aspects of existence decisions.",0.85
ADR-12.md,"('nats-io', 'nats-architecture-and-design')",Existence (ontocrisis),"The ADR discusses encoding connection information, including URLs, options, and configurations related to establishing and managing client-server connections. These are structural elements that will exist in the system to facilitate communication, making this decision primarily about the existence and configuration of system components and their interactions.",0.85
0005-use-the-fastapi-web-framework.md,"('navikt', 'nada-kafkarator')",Executive (pericrisis),"The ADR focuses on choosing a technology (Ansible) over another (Terraform) for server provisioning, which is driven by organizational and strategic considerations rather than structural or quality attributes. This decision impacts the development process and tool selection, aligning with executive decisions that are influenced by business and organizational factors.",0.7
0005-avoiding-test-doubles.md,"('ngarbezza', 'testy')",Existence (ontocrisis),"The ADR explicitly discusses the decision to have the API use and update the Core DoS database, which involves the existence and sharing of a database element within the system architecture. This is a structural decision about the presence and integration of a database component in the architecture.",0.85
009-proxy_limiting.md,"('nhsd-exeter', 'dos-capacity-status-api')",Executive (pericrisis),"The ADR specifies a decision driven by organizational and environmental factors, such as the choice to implement basic authentication in certain environments, which relates to operational policies and organizational constraints rather than structural or technical design elements.",0.7
0013-remove-google-sitelinks-searchbox-metadata.md,"('nhsuk', 'connecting-to-services')",Executive (pericrisis),"The ADR discusses a decision related to access control (basic authentication) implemented in specific environments, which is driven by organizational and operational considerations rather than the system's structural or quality attributes. It pertains to deployment and organizational policies, aligning with executive decisions that influence the development process and organizational practices.",0.7
0004-use-elasticsearch-for-search.md,"('nhsuk', 'gp-finder')",Existence (ontocrisis),"The ADR describes a decision to store and display contact information locally for specific CCGs, which involves the creation or utilization of data elements and storage mechanisms. This aligns with the structural aspect of declaring the existence of data artifacts and their associated display logic.",0.85
0008-do-not-use-local-data-for-ccgs.md,"('nhsuk', 'mental-health-service-finder')",Existence (ontocrisis),"The ADR explicitly discusses selecting and providing a specific templating system (Handlebars) as a component of the architecture, which involves the creation and integration of a structural element into the system. This decision directly pertains to the existence of a templating component within the system architecture.",0.85
0003-use-npm-scripts-and-gulp-for-running-tasks.md,"('nhsuk', 'nhsuk-prototype-kit-version-one')",Executive (pericrisis),"The ADR focuses on establishing a process and tooling choice (pre-commit hooks) to enforce code quality, which is driven by organizational policies and development practices rather than the architecture's structural or behavioral elements. It pertains to the development process and tooling decisions influenced by organizational constraints, fitting the executive decision category.",0.7
002-code_formatter.md,"('nicfix', 'py-ddd-cqrs-microservice-boilerplate')",Existence (ontocrisis),"The ADR explicitly discusses a decision to establish a specific structural element in the documentation—using absolute paths for images—thereby creating or specifying an artifact (the documentation with absolute image links). This aligns with the 'existence' category, as it involves a decision about how certain elements (image links) will exist in the documentation.",0.85
0010-integration-tests.md,"('nicoespeon', 'abracadabra')",Existence (ontocrisis),"The ADR explicitly states that the project will not contain packaging or distribution scripts, and that packaging/distribution will be handled by other projects. This decision directly relates to the existence or non-existence of certain artifacts (packaging/distribution scripts), making it a structural decision about what will or will not be part of the system.",0.85
0009-help-scripts.md,"('npryce', 'adr-tools')",Existence (ontocrisis),"The ADR primarily discusses adding a new element—the event type—to the filename structure, which is a structural decision about the existence and organization of artifacts within the system. It specifies how to include an event type in filenames, directly affecting the system's artifact structure.",0.85
0004-store-shards-in-time-stamped-directories-and-files.md,"('npryce', 'pottery')",Existence (ontocrisis),"The ADR explicitly states the decision to adopt the Tailwind CSS framework for design and layout, which involves the creation and inclusion of a specific artifact (the Tailwind CSS framework) into the system architecture. This is a structural decision about the existence of a particular technology component within the system.",0.85
0017-preservation-strategy.md,"('nulib', 'meadow')",Existence (ontocrisis),"The ADR primarily discusses the creation and placement of IIIF manifests within the system architecture, including decisions about where and how these manifests will exist and be routed. It specifies that manifests will be written to specific storage locations and how requests will be routed, which are structural and existence-related decisions.",0.85
0003-consensus-runtime-token-transfer.md,"('oasisprotocol', 'oasis-core')",Executive (pericrisis),"The ADR primarily addresses the selection of standards and protocols (BIP-0039, SLIP-0010, BIP-0044) for key derivation, which are driven by business and industry standards rather than direct architectural structure or properties. It also discusses interoperability and compliance, which are organizational and process-related concerns, characteristic of executive decisions.",0.6
0004-runbooks-and-checklists.md,"('ockam-network', 'ockam')",Existence (ontocrisis),"The ADR explicitly states the decision to use MongoDB for storing metadata, which is a structural choice about the existence and deployment of a specific data storage element within the architecture. It involves selecting a particular technology to implement a data storage component, aligning with the 'existence' category.",0.9
0016-documentation-structure.md,"('open-voice-network', 'docs')",Existence (ontocrisis),"The ADR explicitly states the decision to adopt Kafka as the messaging middleware, which involves the creation or utilization of a specific system component within the architecture. This aligns with the 'Existence' category, as it declares that Kafka will be part of the system's infrastructure.",0.9
0021-kafka-as-messaging-middleware.md,"('open-voice-network', 'docs')",Existence (ontocrisis),"The ADR discusses the definition and implementation of a 'Simple Composition Component,' which involves the creation or existence of specific architectural elements (components) that follow certain enterprise integration patterns. The focus is on how these components are structured and interact, aligning with the structural and behavioral aspects of existence decisions.",0.85
0004-ressource-level-lifetime.md,"('openkfw', 'TruBudget')",Existence (ontocrisis),"The ADR primarily discusses the setup and terminology of nodes, organizations, and their associated keys within a blockchain network, which are structural elements that will exist in the system. It details how these elements are created, associated, and linked, aligning with the structural aspect of the 'Existence' category.",0.85
0012-use-postgresql.md,"('openlobby', 'openlobby-server')",Existence (ontocrisis),"The ADR primarily discusses the implementation of a styleguide, which involves defining and establishing UI elements, CSS classes, variables, and JavaScript components. These are structural and behavioral elements that will exist in the system to ensure a consistent user interface, aligning with the 'existence' decision category.",0.85
0005-migrating-from-jsps-gsps.md,"('openmrs', 'openmrs-rfc-frontend')",Property (diacrisis),"The ADR primarily discusses the decision to adopt a specific configuration library and related practices, which are constraints or qualities affecting the system's configuration management. It does not specify the existence or non-existence of particular system elements, nor does it focus on organizational or business process decisions. Instead, it establishes enduring constraints and standards for configuration handling, making 'Property decision (diacrisis)' the most appropriate category.",0.7
adr-003-not-using-xjson-server-as-database.md,"('openregister', 'openregister-java')",Existence (ontocrisis),"The ADR primarily focuses on defining how items are ordered and identified within the system, which pertains to the creation and structuring of data elements and their identifiers. It discusses establishing a deterministic order for items, including the implementation of database tables, indexes, and query mechanisms, all of which are structural decisions about the existence and organization of data artifacts.",0.85
adr0008.md,"('opensmarthouse', 'opensmarthouse-core')",Property (diacrisis),"The ADR primarily discusses structuring repositories and managing environment-specific configurations, which relate to system properties such as organization, structure, and configuration management. It does not specify the existence or non-existence of specific elements nor does it focus on organizational or business process decisions. Instead, it defines how the system's configuration and deployment properties are managed, making 'Property decision' the most appropriate category.",0.6
0004-argocd-apps-of-apps-structure.md,"('operate-first', 'blueprint')",Existence (ontocrisis),"The ADR primarily discusses the declaration and organization of cluster-scoped resources, such as namespaces, CRDs, subscriptions, and groups, and how they are deployed via ArgoCD. It focuses on defining what elements will exist in the architecture and how they are structured and deployed, which aligns with the 'Existence' category of Kruchten’s ontology.",0.85
0003-use-cassandra-as-storage-backend.md,"('orevial', 'adr-demo')",Property (diacrisis),"The ADR primarily discusses the properties and constraints related to the Client Profile mechanism, such as its contents, expiration, revocation, and trust considerations. These are enduring qualities and constraints that influence the system's behavior and security properties, fitting the diacrisis category.",0.75
003-client-profile.md,"('otrv4', 'otrv4')",Existence (ontocrisis),"The ADR discusses the selection and implementation of a specific cryptographic protocol (DAKEZ) and its associated components, which directly relate to the creation and structuring of security elements within the system. The decision involves choosing particular cryptographic techniques and protocols that will exist in the system, aligning with structural and behavioral aspects of the architecture.",0.85
0013-use-jenkins-for-secrets-management.md,"('pace-neutrons', 'Horace')",Existence (ontocrisis),"The ADR primarily discusses the introduction and management of a new data structure (`PixelData`) that supports paged (large dataset) and in-memory (small dataset) operations within the `SQW` object. It focuses on the existence and configuration of this data element, including how it is instantiated, parameterized, and used in algorithms, which aligns with structural decisions about system elements.",0.85
0018-algorithm-migration-to-paged-files.md,"('pace-neutrons', 'Horace')",Property (diacrisis),"The ADR primarily discusses establishing a standard format for error identifiers in MATLAB, which pertains to defining a system-wide property or constraint regarding error handling conventions. It does not specify the existence or non-existence of specific elements, nor does it focus on organizational or business process decisions. Instead, it sets a property or rule that influences how errors are identified and managed across the system, fitting the property decision category.",0.75
0004-pace-documentation-link-to-projects.md,"('pace-neutrons', 'pace-developers')",Existence (ontocrisis),"The ADR describes a structural decision to embed the interface between the calculator X and the brille library within X itself, which directly relates to the existence and integration of system components. It specifies how the system will be constructed to include the brille functionality, indicating a structural architectural decision.",0.85
0017-transactions3.md,"('palantir', 'atlasdb')",Existence (ontocrisis),"The ADR discusses the decision to move the system's implementation from Ruby to Clojure, which involves creating or adopting a new language environment and associated libraries. This is fundamentally about establishing the existence of a new implementation environment and associated components, aligning with structural and behavioral aspects of system architecture.",0.85
adr-004-ansible.md,"('pariyatti', 'kosa-rails')",Existence (ontocrisis),"The ADR explicitly discusses the decision to use 'testcontainers.org' to manage infrastructure for automated tests, which involves the creation and deployment of test environments. This is a structural decision about what elements (test environments, containers) will exist in the system to support testing activities.",0.85
0012-use-external-search-service.md,"('patshone-manifesto', 'hee-web-blueprint')",Existence (ontocrisis),"The ADR explicitly discusses the decision to consolidate infrastructure artifacts into a single CloudFormation template, which is a structural decision about the existence and organization of infrastructure components within the architecture.",0.85
0004-event-contracts.md,"('pauldambra', 'visit-plannr')",Existence (ontocrisis),"The ADR primarily discusses the selection and integration of specific authentication protocol libraries (passport.js, OIDC, SAML) to be used in the system. This involves decisions about which elements (libraries, modules) will exist in the architecture to support authentication functionalities.",0.85
0008-use-ecmascript-modules.md,"('perforce', 'helix-authentication-service')",Executive (pericrisis),"The ADR focuses on a procedural and policy-level decision regarding how date validation is handled within the system, specifically at the UI and API levels, and the choice to not enforce validation at the database level. This pertains to development process and organizational policies rather than structural or property aspects of the system.",0.6
0009-acl-actor-permissions.md,"('psu-libraries', 'scholarsphere')",Existence (ontocrisis),"The ADR primarily concerns a terminology change within the system's UI and codebase, which involves the existence and naming of specific elements ('Exhibits' and 'Collections'). This decision directly impacts the structural aspect of the architecture by defining what elements will exist and how they are labeled, aligning with the 'Existence' category.",0.85
0004-index-from-iiif-manifests.md,"('pulibrary', 'dpul')",Existence (ontocrisis),"The ADR primarily concerns the creation and organization of background job queues, which are structural elements within the system architecture. It specifies the existence and categorization of these queues to manage background processing tasks, aligning with the structural aspect of the 'Existence' category.",0.85
0009-unlinked-files.md,"('pulibrary', 'figgy')",Existence (ontocrisis),"The ADR primarily discusses the creation, deployment, and management of configuration sets and indexes, which are tangible artifacts that will exist in the system. The decision revolves around how these elements are created, updated, and maintained, indicating a focus on the existence and structural organization of system components.",0.85
0003-remove-memory-tuning.md,"('pulibrary', 'pul_solr')",Executive (pericrisis),"The ADR focuses on a configuration choice driven by organizational and process considerations, such as ensuring consistent line ending handling across development environments. It does not specify structural, behavioral, or property aspects of the system itself but rather addresses a tooling and process decision influenced by organizational policies and collaboration needs.",0.7
0002-configure-line-endings-in-gitattributes.md,"('qbit86', 'arborescence')",Executive (pericrisis),"The ADR primarily discusses the choice of a third-party service (Auth0) for user management and authentication, which is driven by business considerations such as documentation quality, integration capabilities, and cost. It does not specify structural or behavioral architectural elements directly, nor does it focus on the existence or non-existence of specific system components. Instead, it addresses a strategic, organizational, and tooling choice affecting the development process and organizational setup, characteristic of an executive decision.",0.7
adr-0014-api-documentation-revisited.md,"('raster-foundry', 'raster-foundry')",Existence (ontocrisis),"The ADR describes replacing existing components (Airflow scheduler, web server, worker, executor) with AWS Batch, which involves the creation and deployment of new system elements. The decision focuses on the existence and substitution of system artifacts, aligning with structural and behavioral aspects of system architecture.",0.85
adr-0021-lab-workspaces.md,"('raster-foundry', 'raster-foundry')",Property (diacrisis),"The ADR primarily discusses strategies for tracking and aggregating metrics and usage data, which are qualities or constraints related to system properties. It does not specify the existence or non-existence of specific elements, nor does it focus on organizational or business process decisions. Instead, it addresses enduring qualities related to how metrics are collected, stored, and maintained, fitting the property decision category.",0.7
0008-keep-styles-with-components.md,"('reactioncommerce', 'reaction-component-library')",Existence (ontocrisis),"The ADR primarily describes the implementation details of barcode lookup logic, including how barcode elements (global and organization-specific) are associated and retrieved. This involves decisions about which elements will exist in the system (e.g., global barcodes, base items) and how they are structured and accessed, aligning with the structural aspect of existence decisions.",0.75
0005-extract-all-partner-operations-into-a-separate-application-intended-for-partners.md,"('rubyforgood', 'human-essentials')",Executive (pericrisis),"The ADR primarily discusses selecting a deployment tool (ArgoCD) based on practical considerations such as ease of use, availability, and alignment with reference architectures. It reflects a decision driven by organizational, technological, and strategic factors rather than the design or structure of the system itself.",0.7
0004-argocd-as-deployment-agent.md,"('sa-mw-dach', 'manuela')",Executive (pericrisis),"The ADR explicitly states a decision to use NestJS for scaffolding, which is driven by strategic, organizational, and business considerations rather than direct architectural or technical design elements. This aligns with the definition of an executive decision, as it influences the development process and technology choices based on organizational preferences and strategic goals.",0.7
0003-create-two-observation-comparators.md,"('savioalphonso', 'exercise3-group-6')",Existence (ontocrisis),"The ADR explicitly states a decision to create documentation files (README.md) within each component folder, which is an element that will exist in the system's structure. The decision focuses on the creation and placement of documentation artifacts, aligning with structural existence decisions about system components and their associated documentation.",0.85
0004-add-readme-for-each-component-for-documentation.md,"('scheduleonce', 'once-ui')",Existence (ontocrisis),"The ADR explicitly states a decision to use AWS images only, which directly involves the existence of specific system elements (AWS images) in the architecture. This is a structural decision about which artifacts will be part of the system, aligning with the 'Existence' category.",0.85
Automation.md,"('serverlessmike', 'terraform')",Existence (ontocrisis),The ADR primarily concerns the decision to implement a specific structural element—storing form submissions in a database—indicating an explicit choice about the existence of a database component in the system architecture.,0.85
2020-08-03-Implement-New-Changelog.md,"('shopware', 'platform')",Existence (ontocrisis),"The ADR primarily discusses the implementation of a customer registration system, including the creation and management of customer entities, registration URLs, and customer groups. These are structural elements that will exist in the system, indicating a focus on the existence and organization of system components and interactions.",0.85
2021-09-06-make-core-mail-templates-independent-from-storefront-urls.md,"('shopware', 'platform')",Existence (ontocrisis),"The ADR primarily discusses the implementation of scripting features, including the use of Twig environments, script loading, and the registration of scripting events. These decisions are about defining what elements (scripts, events, objects) will exist within the system and how they are structured and interact, which aligns with the structural and behavioral aspects of existence decisions.",0.85
2021-10-21-app-scripting.md,"('shopware', 'platform')",Existence (ontocrisis),"The ADR describes the structure and behavior of the screen controllers, including how they are instantiated, how they consume user events, and how they communicate UI changes. This involves defining the existence of controllers and their interactions with UI elements and data streams, which aligns with structural and behavioral decisions about system components.",0.85
003-weak-references-between-sql-tables.md,"('simpledotorg', 'simple-android')",Existence (ontocrisis),"The ADR discusses the selection and implementation of a new architectural framework (Mobius) to structure the screen architecture, which involves defining and establishing specific components and their interactions within the system. This aligns with the 'Existence' category, as it pertains to the creation and organization of architectural elements such as components, layers, and their interactions.",0.85
004-reporting.md,"('simpledotorg', 'simple-server')",Existence (ontocrisis),"The ADR primarily concerns the creation and structuring of user models within the system, specifically the decision to combine separate models into a single unified model. This involves structural decisions about the existence and organization of system components (user models). The focus on defining and modifying the system's elements aligns with the 'Existence' category.",0.75
016-reporting-schema.md,"('simpledotorg', 'simple-server')",Executive (pericrisis),"The ADR primarily addresses organizational and procedural aspects related to the handling and security of a secret token used in the development process. It discusses policies around token visibility, security practices, and organizational considerations rather than structural, behavioral, or property design decisions. These are driven by business and organizational concerns, fitting the executive decision category.",0.7
8-Remove_ADR_Util_Sync_Module.md,"('slior', 'adrflow')",Existence (ontocrisis),"The ADR explicitly discusses adopting a hexagonal architecture, which involves defining the structure of the system in terms of components, ports, and adapters. This is a structural decision that establishes the existence and organization of architectural elements within the system.",0.85
ADR-7_wsgi-server.md,"('sse-secure-systems', 'connaisseur')",Existence (ontocrisis),"The ADR discusses the decision to adopt and enable the Discovery v5 protocol, which involves the introduction and implementation of a new peer discovery element into the system architecture. This is a structural decision aimed at establishing a new component (the protocol) to facilitate peer discovery, directly impacting the system's architecture.",0.85
0003-geth-node.md,"('status-im', 'status-react')",Existence (ontocrisis),"The ADR discusses the implementation of feature toggles, which are mechanisms that introduce new code paths or features into the system, effectively creating or modifying existing elements in the architecture. The decision to use feature toggles directly relates to the existence of architectural elements (code paths, features) that are conditionally active, thus it primarily pertains to structural decisions about what elements will exist in the system.",0.75
0002-extract-only-useful-technical-metadata.md,"('sul-dlss-labs', 'infrastructure-adrs')",Existence (ontocrisis),"The ADR discusses changing the layout from a registry to a repository, which involves the creation or redefinition of an architectural element (the repository). This is a structural decision about the existence and organization of system components.",0.85
securityhub.md,"('superwerker', 'superwerker')",Existence (ontocrisis),"The ADR discusses the registration and organization of message handlers within message buses, which are architectural elements that will exist in the system. The decision revolves around how these elements are instantiated and associated, indicating a structural aspect of the architecture.",0.85
003-katafication.md,"('tddbin', 'katas')",Existence (ontocrisis),"The ADR primarily discusses the implementation of mechanisms for subscribing to and fetching transaction events, which involves defining and creating new elements such as the subscription system, event tags, and APIs. These are structural decisions that specify what components and data structures will exist to support event subscription and transaction retrieval.",0.85
0002-pre-1-0-deprecation-strategy.md,"('theupdateframework', 'python-tuf')",Existence (ontocrisis),"The ADR primarily discusses how the system handles unrecognized fields in metadata files, which relates to the existence and structure of data artifacts within the system. It addresses whether certain elements (unrecognized fields) will be stored or ignored, directly impacting the presence and management of data elements in the architecture.",0.85
20210113-distribute-log4brains-as-a-global-npm-package.md,"('thomvaill', 'log4brains')",Executive (pericrisis),"The ADR primarily addresses a strategic organizational decision to decommission a specific GitHub App and merge its functionality into another system. This decision is driven by business considerations such as cost reduction and infrastructure redundancy, rather than direct architectural structuring or quality constraints.",0.8
0002-allow-dynamic-loading-of-yetibot-plugins-via-config.md,"('thoth-station', 'core')",Existence (ontocrisis),"The ADR primarily discusses the selection and use of an ORM tool (Pop) to establish the existence of a specific data access component within the system architecture. It focuses on which ORM will be integrated, its features, and its role in the data layer, which aligns with structural decisions about system elements.",0.85
0027-pdf-generation.md,"('transcom', 'mymove')",Existence (ontocrisis),"The ADR describes a specific implementation decision regarding CSRF protection, which involves the creation and deployment of a security artifact (the CSRF protection mechanism) within the application. It details the choice of a particular library and method to implement this security feature, aligning with structural and behavioral aspects of the system's architecture.",0.85
0036-go-integration.md,"('transcom', 'mymove')",Executive (pericrisis),"The ADR primarily concerns a choice of a specific front-end library (Formik) to be used in the project, which is a decision driven by project needs, developer experience, and future-proofing considerations. It does not directly specify structural, behavioral, or property constraints but rather reflects a strategic choice affecting the development process and technology stack.",0.7
0038-soft-delete.md,"('transcom', 'mymove')",Property (diacrisis),"The ADR primarily discusses the choice of data types (dates and timestamps) and how to handle their conversion and interpretation within the system, which relates to system properties and constraints regarding temporal data handling.",0.75
0040-role-base-authorization.md,"('transcom', 'mymove')",Existence (ontocrisis),"The ADR primarily discusses the structure and organization of API endpoints, focusing on whether certain elements (IDs, paths) should exist or not in the API design. It addresses the inclusion or exclusion of IDs in URL paths, which directly relates to the existence or non-existence of these elements in the architecture.",0.85
0044-params-styling.md,"('transcom', 'mymove')",Executive (pericrisis),"The ADR primarily concerns a strategic organizational decision to fork and maintain an open-source library under the company's GitHub organization, which impacts the development process, organizational practices, and tooling choices. It is driven by business and organizational considerations rather than direct structural or quality attribute decisions.",0.7
0059-use-snapshot-to-cleanup-loadtesting.md,"('transcom', 'mymove')",Existence (ontocrisis),"The ADR primarily discusses the structural aspect of the system, specifically how services are designed to exist and interact with each other, including passing transaction connections and context objects. It focuses on the creation and composition of service components and their interactions, which aligns with the 'Existence' category.",0.85
0070-cypress-tests-file-layout.md,"('transcom', 'mymove')",Executive (pericrisis),"The ADR focuses on a process-level decision to remove or replace a component (CLI spinner) based on technical and operational considerations, rather than defining system structure, properties, or organizational policies. It involves choosing a course of action affecting development practices and tool usage, which aligns with executive decisions.",0.8
0080-api-versioning-based-on-test-run.md,"('transcom', 'mymove')",Existence (ontocrisis),"The ADR discusses creating a new ViewModel class to manipulate DTO models, which directly involves the existence and structuring of an architectural element (the ViewModel). This decision pertains to the introduction of a new component in the system architecture to address a specific concern.",0.85
0007-schedule-internal-data-structure.md,"('trestini', 'delayer-aws')",Existence (ontocrisis),"The ADR discusses implementing a communication mechanism between modules, specifically choosing to use events as a means of communication. This decision directly relates to the structural aspect of the architecture, namely the elements (modules) and their interactions (events), which are fundamental to the existence and behavior of system components.",0.85
0011-develop-main-frontend-shopping-as-a-separate-ssr-app.md,"('tsobe', 'lobiani')",Executive (pericrisis),"The ADR primarily addresses a strategic choice related to the authentication method and the use of a third-party service (Auth0), which impacts organizational and process aspects rather than the system's structural or quality attributes. It involves selecting a technology provider and defining the scope of its integration, aligning with business and organizational considerations.",0.7
0004-templates-over-js-framework-md.md,"('uktrade', 'trade-access-program')",Executive (pericrisis),"The ADR primarily concerns a choice of programming language based on organizational, developer experience, and project context considerations, which are driven by business and organizational factors rather than the architecture's structural or quality attributes.",0.65
0003-python-tooling.md,"('umd-lib', 'caia')",Existence (ontocrisis),"The ADR describes a change in the system's behavior regarding how it handles 'denied entries'—specifically, removing the functionality that tracks and resubmits denied entries. This decision directly impacts the existence and behavior of system components related to entry tracking and resubmission, which aligns with structural and behavioral aspects of the system's architecture.",0.85
0008-rdf-sparql-support.md,"('upenn-libraries', 'sdbmss')",Executive (pericrisis),"The ADR primarily concerns a strategic choice of documentation standard (OpenAPI) to be used for API description, which impacts the development process, tooling, and organizational practices rather than the system's structural or behavioral elements. This aligns with the definition of an executive decision, as it relates to organizational, methodological, and tooling considerations driven by business and operational needs.",0.7
0003-create-cloud-native-solutions.md,"('vwt-digital', 'operational-data-hub')",Existence (ontocrisis),"The ADR specifies a decision to establish a naming convention for OAuth scopes, which involves defining and standardizing the existence and structure of permission identifiers within the system. This is a structural decision that directly relates to the creation and organization of system artifacts (naming patterns for permissions).",0.85
0015-automatic-backup-of-each-data-component.md,"('vwt-digital', 'operational-data-hub')",Existence (ontocrisis),"The ADR explicitly states a decision to format all business events as JSON, which is a structural choice about the existence and representation of message formats within the system. This directly relates to the creation and specification of an artifact (JSON message format) in the architecture.",0.85
0019-single-schema-per-topic.md,"('vwt-digital', 'operational-data-hub')",Existence (ontocrisis),"The ADR discusses structuring the platform's domain model based on organizational departments, which directly relates to the creation and organization of system elements (domains) within the architecture. It specifies how the system will be structured in alignment with organizational units, indicating a structural decision about what elements will exist and how they are organized.",0.85
0032-oauth2-for-authentication.md,"('vwt-digital', 'operational-data-hub')",Existence (ontocrisis),"The ADR explicitly states the decision to use GCP Secret Manager to manage, store, and use secrets, which involves the creation and existence of a specific system component dedicated to secret management. This aligns with the structural aspect of declaring an element that will exist in the architecture.",0.85
0037-secrets-are-stored-in-gcp-secret-manager.md,"('vwt-digital', 'operational-data-hub')",Existence (ontocrisis),"The ADR explicitly states that starting a new project involves building and documenting an API, which directly relates to the creation and existence of an architectural element (the API). The decision emphasizes establishing the API as a foundational component of the system, aligning with the structural aspect of existence decisions.",0.85
0046-javascript-framework.md,"('vwt-digital', 'operational-data-hub')",Existence (ontocrisis),"The ADR primarily discusses the decision to adopt a specific data catalog format and standard (Project company data) to define and document data components, which involves establishing the existence of a formal data catalog artifact within the architecture. This decision directly relates to the structural aspect of the architecture, specifically the creation and specification of data-related artifacts.",0.85
0002-logging-approach.md,"('wellcomecollection', 'identity')",Existence (ontocrisis),"The ADR discusses the decision to adopt Webpack as a tool for bundling JavaScript files, which directly relates to the creation and structuring of software artifacts (bundled JavaScript files). It involves structural decisions about how code is organized and dependencies are managed, which aligns with the 'Existence' category.",0.85
0017-release-notes-content-topics.md,"('wikimedia', 'Wikibase')",Property (diacrisis),"The ADR discusses defining a new interface for Property IDs to establish a common type for properties, which directly relates to specifying a system property or constraint. It focuses on the enduring quality or constraint of how property identifiers are structured and used within the system, aligning with the Property decision category.",0.7
0020-wikibase-compatibility-with-mediawiki-master.md,"('wikimedia', 'Wikibase')",Existence (ontocrisis),"The ADR discusses the introduction of a new Collections API for layer reading, which involves creating a new API component that replaces the existing Spark-based geoprocessing service. This decision directly pertains to the existence of an architectural element (the Collections API) and its integration into the system, aligning with the structural aspect of the existence category.",0.85
0010-replace-mustache-js-with-template-literals.md,"('wikimedia', 'mediawiki-extensions-Popups')",Existence (ontocrisis),"The ADR primarily discusses the design and implementation of a change operation pattern, including how change operations are applied, how they generate summaries, and how they interact with entities. It focuses on the structural aspect of the system—defining and modifying the behavior and structure of change operations—rather than ruling out or constraining elements or defining system qualities. The decision to implement a visitor pattern for change operations directly relates to the creation and organization of system components and their interactions.",0.85
018_Development_and_Deployment_of_Split_Repo.md,"('wmde', 'fundraising-application')",Existence (ontocrisis),"The ADR primarily discusses the design and structure of an API, including resource endpoints, controller actions, and response formats. These are structural elements that declare the existence and organization of system components (API resources, controllers, endpoints). The decision to build an API, define resource URLs, and specify controller methods directly relates to the creation and organization of system artifacts, fitting the 'Existence' category.",0.85
021_Single_or_Multi_Page_Application_Architecture.md,"('wmde', 'fundraising-application')",Existence (ontocrisis),"The ADR primarily discusses decisions related to what artifacts and elements will be included in the release package, such as the inclusion of the 'vendor' folder, release notes, and documentation files. These are structural decisions about what will exist in the release artifact, aligning with the 'Existence' category.",0.85
0004-wdqs-tarball-content.md,"('wmde', 'wikibase-release-pipeline')",Executive (pericrisis),"The ADR primarily addresses organizational and procedural choices regarding how to handle release notes for third-party software, which are driven by business and organizational considerations rather than direct architectural or technical design elements. It involves decisions about processes, responsibilities, and organizational policies, fitting the executive decision category.",0.7
client-repo-split.md,"('wmde', 'wikidata-wikibase-architecture')",Existence (ontocrisis),"The ADR explicitly discusses choosing an infrastructure-as-code tool (Terraform) to be used for deploying infrastructure, which is a structural decision about the existence and deployment of system elements. It involves selecting a specific tool to create and manage infrastructure resources, aligning with the structural nature of existence decisions.",0.85
008-manage-github-repos-with-terraform.md,"('xebia-france', 'xebikart-infra')",Existence (ontocrisis),"The ADR focuses on the decision to remove specific `meta` tags from HTML documents to prevent automatic reloading or redirection. This decision pertains to the presence or absence of certain elements (`meta` tags with specific attributes) in the document, which directly relates to the structural aspect of the architecture. It is about controlling whether a particular element exists in the final saved document, aligning with the 'existence' category.",0.85
0009-use-openreferal-api.md,"('zendesk', 'link_platform')",Existence (ontocrisis),"The ADR explicitly states the decision to use Redux for state management, which involves the creation and integration of a specific architectural element (the Redux store) into the system. This is a structural decision about the existence and incorporation of a particular component within the architecture.",0.85
adr-03.md,"('zooniverse', 'front-end-monorepo')",Existence (ontocrisis),"The ADR primarily discusses the decision to build a specific component (the Light Curve Viewer) using D3, which involves creating and implementing a new architectural element within the system. This is a structural decision about the existence and integration of a visualization component, aligning with the 'Existence' category.",0.85
adr-04.md,"('zooniverse', 'front-end-monorepo')",Executive (pericrisis),"The ADR primarily addresses the process and policy for selecting the subject viewer based on workflow configuration and project-level decisions, rather than defining system structure, behavior, or constraints. It involves organizational and procedural choices about how the system's components are selected and configured, which aligns with executive decisions that influence development processes and organizational policies.",0.7
adr-30.md,"('zooniverse', 'front-end-monorepo')",Existence (ontocrisis),"The ADR describes the addition of an undo/redo feature, which involves creating and managing a history stack to track the existence and state of workflow steps and annotations. This is primarily a structural decision about what elements (history stacks, annotations, steps) will exist in the system to support undo/redo functionality.",0.85
adr-9.md,"('zooniverse', 'galaxy-zoo-touch-table')",,,
