ADR,Organization-Project,primary_category,explanation,max_confidence_value
adr-003-store-connector-container-component.md,"('AYCHAIN', 'AYCHAIN.github.io')",Maintainability,"The ADR discusses implementing an architectural pattern (containers, connectors, components) to improve separation of concerns and modularity in the codebase. This focus on structuring the system for easier modifications and understanding aligns with maintainability attributes.",0.75
adr-004.md,"('Abelaa', 'pcmt')",Maintainability,"The ADR discusses using Ansible roles and playbooks to manage configuration, deployment, and provisioning processes. This focus on configuration management, automation, and ease of modification aligns closely with maintainability, emphasizing how effectively the system can be modified and managed over time.",0.6
adr-007.md,"('Abelaa', 'pcmt')",Primarily Functional,"The ADR primarily discusses versioning and release management processes, which are functional concerns related to how the system is built, released, and managed. There is no explicit or implied reference to non-functional quality attributes such as performance, security, reliability, or usability.",0.3
0003-for-config-prefer-prefix-over-nesting-and-don-t-hide-defaults-in-code.md,"('Accenture', 'reactive-interaction-gateway')",Maintainability,"The ADR primarily addresses how configuration is structured and managed to improve clarity, consistency, and ease of reasoning about defaults and key handling. These concerns relate to the system's maintainability, as they impact how easily developers can modify, understand, and extend configuration management.",0.75
005-cutting-release-branch.md,"('Accenture', 'sfpowerscripts')",Testability,"The ADR primarily discusses procedural and operational aspects of release management, such as automating artifact creation and streamlining release workflows. It does not reference any non-functional quality attributes like performance, security, or scalability. The focus is on process improvement rather than system qualities.",0.2
0009-message-driven-content-tracker-next-gen.md,"('Alfresco', 'SearchServices')",Performance,"The ADR emphasizes increasing throughput and mentions additional latency due to extra calls, which directly relate to system performance and resource utilization. The focus on throughput and latency indicates a concern with how efficiently the system performs under load.",0.85
0010-managing-secrets-used-by-dbp.md,"('Alfresco', 'alfresco-anaxes-shipyard')",Security,"The ADR primarily discusses securing sensitive data such as credentials, secrets, and access controls within a Kubernetes deployment. It emphasizes best practices, access control policies, encryption, and integration with external secret management systems, all of which are core aspects of security as a quality attribute.",0.85
0003-application-configuration-setup.md,"('Amsterdam', 'signals-frontend')",Maintainability,"The ADR discusses configuring the application to be adaptable for different branding and deployment contexts, emphasizing the ease of modifying configuration data and deployment options. This focus on how easily the system can be modified or adapted aligns with the maintainability attribute.",0.7
2019-11-20_webapp.md,"('BMMRO-tech', 'BMMRO')",Performance,"The ADR emphasizes offline capabilities and responsiveness, which relate to how efficiently the system performs under specific conditions, especially in constrained environments like offline usage and varying network conditions. The focus on caching, offline functionality, and update consistency suggests a concern with system responsiveness and resource utilization.",0.75
0014-use-mux-for-routing.md,"('CMSgov', 'easi-app')",Performance,"The ADR discusses selecting a routing solution to handle multiple dynamic endpoints efficiently, which directly impacts the system's performance by enabling faster request handling and scalability. While it does not explicitly mention performance metrics, the focus on routing efficiency and handling multiple endpoints suggests an emphasis on performance efficiency.",0.75
0021-audit-logging.md,"('CMSgov', 'easi-app')",Observability,"The ADR focuses on audit logging, which involves monitoring, recording, and analyzing system events and activities. This aligns closely with the quality attribute of Observability, as it emphasizes the system's ability to provide external outputs (logs, metrics) that infer internal states for monitoring and debugging purposes.",0.45
006-authentication.md,"('CSCfi', 'rems')",Security,"The ADR primarily discusses authentication protocols (OIDC, SAML) and related security considerations such as cookie handling, redirect flows, and session management, which are all centered around protecting user identity and access. The focus on secure authentication flows, cookie policies, and sign-out mechanisms indicates a strong emphasis on security attributes.",0.85
adr-0004-why-wrap-input-textarea.md,"('CleverCloud', 'clever-components')",Compatibility,"The ADR primarily discusses styling and layout decisions related to wrapping input elements, focusing on visual presentation and event handling. There is no explicit or implied reference to non-functional quality attributes such as performance, security, reliability, or scalability.",0.45
0004-language-choices-for-new-development.md,"('Crown-Commercial-Service', 'CCS-Architecture-Decision-Records')",Primarily Functional,"The ADR primarily discusses language choices and development considerations without referencing any specific quality attributes such as performance, security, or scalability. It focuses on functional aspects like technology selection and team skills rather than non-functional quality attributes.",0.8
0016-data-structure-tasks-submissions-entries-and-files.md,"('Crown-Commercial-Service', 'ReportMI-service-manual')",Primarily Functional,"The ADR primarily describes the data structures and entities involved in the system, focusing on how data is organized, stored, and related. It does not mention or imply any non-functional quality attributes such as performance, security, or scalability. The decision is centered on functional data modeling rather than system qualities.",0.45
0021-generate-a-data-export-for-finance.md,"('Crown-Commercial-Service', 'ReportMI-service-manual')",Primarily Functional,"The ADR primarily describes a functional aspect—generating and transferring a CSV report—without explicit reference to non-functional quality attributes such as performance, security, reliability, or usability. It focuses on the procedural and technical implementation details rather than quality attributes.",0.45
0008-api-extensions-mechanism.md,"('DFE-Digital', 'apply-for-teacher-training')",Compatibility,"The ADR primarily discusses API versioning, extension mechanisms, and implementation strategies without explicitly referencing any non-functional quality attributes. It focuses on functional aspects such as API design, extensibility, and versioning approach, which are functional concerns.",0.25
0006-use-dotenv-for-managing-environment-variables.md,"('DFE-Digital', 'buy-for-your-school')",Compatibility,"The ADR primarily discusses the choice of a tool (DotEnv) for managing environment variables, focusing on operational and procedural aspects rather than non-functional quality attributes. It does not explicitly reference performance, security, reliability, or other quality attributes, but centers on functional configuration management.",0.25
0012-automate-dqt-integration.md,"('DFE-Digital', 'claim-additional-payments-for-teaching')",Security,"The ADR emphasizes protecting the DQT dataset and ensuring that access is restricted via a protected API, indicating a focus on data security and access control measures.",0.85
007-Integration-Approaches.html.md.erb,"('DFE-Digital', 'csc-swr-architecture')",Performance,"The ADR emphasizes the development of an API Gateway, REST Proxy, and Event Backbone to facilitate data integration and event handling. These components are primarily concerned with system performance, throughput, and resource utilization to ensure efficient data flow and processing, which aligns with Performance Efficiency.",0.75
0004-non-integer-trainee-ids.md,"('DFE-Digital', 'register-trainee-teachers')",Security,"The ADR emphasizes removing predictability of IDs and avoiding reliance on database-internal identifiers, which relates to protecting data from unauthorized access or inference. The choice of using `has_secure_token` aims to generate non-predictable, unique identifiers, aligning with security concerns about predictability and data protection.",0.75
0008-use-skylight-for-performance-monitoring.md,"('DFE-Digital', 'teacher-training-api')",Performance,"The ADR explicitly discusses performance monitoring tools (Skylight and Sentry), their capabilities, and limitations, focusing on how well the system performs in terms of request tracing and response analysis. The core concern is about measuring and improving system performance, which aligns directly with Performance Efficiency.",0.9
0004_define_environments_after_gov_uk_paas_migration.md,"('DFE-Digital', 'teaching-vacancies')",Maintainability,"The ADR primarily discusses environment setup, deployment processes, and operational practices without explicit reference to non-functional quality attributes such as performance, security, or usability. It focuses on functional aspects like environment management and deployment workflows.",0.4
0010-confirm-performance-issues-before-optimizing.md,"('Datatamer', 'tamr-client')",Performance,"The ADR explicitly references performance issues, optimization, and API call efficiency, which directly relate to performance efficiency attributes such as response time and resource utilization. The decision to prioritize straightforward implementation over optimization indicates a focus on performance considerations when issues arise.",0.85
0004-inverse-relationships-sample-update.md,"('EBIBioSamples', 'biosamples-v4')",Primarily Functional,"The ADR primarily discusses a functional aspect of the system—specifically, the behavior of relationship inversion and its impact on data updates—without referencing any non-functional quality attributes such as performance, security, or usability.",0.3
74-schemaorg-additionalType-vs-RDF-typing.md,"('ESIPFed', 'science-on-schema.org')",Performance,"The ADR emphasizes optimizing code reuse and minimizing download sizes to improve load times and resource utilization, which directly relates to system performance and efficiency.",0.85
boolean.md,"('ElektraInitiative', 'libelektra')",Testability,"The ADR primarily discusses the representation and handling of boolean values within the system, focusing on data encoding and validation rather than non-functional quality attributes like performance, security, or scalability.",0.4
functions_with_buffers.md,"('ElektraInitiative', 'libelektra')",Maintainability,"The ADR primarily discusses the removal of certain functions and documentation updates related to API usage, focusing on functional aspects such as API design and usability. It does not reference or imply any non-functional quality attributes like performance, security, or scalability.",0.4
multiple_file_backends.md,"('ElektraInitiative', 'libelektra')",Primarily Functional,"The ADR primarily discusses functional aspects related to the behavior and support of multiple file backends, such as support for multiple files, fallback mechanisms, and atomicity. It does not explicitly reference or imply any non-functional quality attributes like performance, security, or usability.",0.3
store_name.md,"('ElektraInitiative', 'libelektra')",Performance,"The ADR primarily addresses memory consumption optimization by storing only the unescaped key name, which directly impacts resource utilization and system performance. The focus on reducing memory footprint indicates a concern with performance efficiency.",0.85
project-name.md,"('Financial-Times', 'dotcom-page-kit')",Performance,"The ADR discusses IPC mechanisms (ZeroMQ and Redis) in the context of inter-service and inter-process communication, which are primarily aimed at ensuring efficient data exchange and coordination between distributed components. The emphasis on lightweight messaging and managing concurrent queries suggests a focus on system responsiveness and resource utilization, aligning with performance efficiency attributes.",0.75
0003-http-api.md,"('Flowminder', 'FlowKit')",Maintainability,"The ADR emphasizes the use of Jupyter notebooks, Papermill, and Scrapbook to facilitate flexible, reusable, and modifiable workflows, which directly relates to maintainability attributes such as modularity, reusability, and ease of updates. The focus on automating workflows and sharing data between notebooks highlights concerns about making the system easier to modify and extend over time.",0.8
0004-use-create-react-app-and-npm-eject-to-create-the-basis-of-the-project-structure.md,"('FoodStandardsAgency', 'register-a-food-business-front-end')",Maintainability,"The ADR primarily discusses restructuring the data models and abstractions within the system, focusing on code organization, data overlap, and model roles. It does not explicitly reference any non-functional quality attributes such as performance, security, reliability, or usability. The focus is on data modeling and system structure, which are functional concerns.",0.4
2020-08-10-architecture-decision-records.md,"('HEPTACOM', 'heptaconnect-docs')",Maintainability,"The ADR primarily discusses functional aspects related to data emission timing and data flow models, without explicit or implied references to non-functional quality attributes such as performance, security, reliability, or others.",0.2
creating_continuous_inpatient_spells.md,"('HFAnalyticsLab', 'HES_pipeline')",Maintainability,"The ADR discusses hardcoding variable names, which impacts how easily the system can be modified or extended. This directly relates to maintainability, as hardcoded elements can hinder future updates, adaptations, and testing efforts.",0.7
0004-application-logging.md,"('HHS', 'Head-Start-TTADP')",Security,"The ADR explicitly discusses multiple security-related scans, including static security audits of dependencies and dynamic security scans of the application, indicating a primary focus on security attributes.",0.85
004-configuration-by-environment-variable.md,"('HHS', 'TANF-app')",Testability,"The ADR primarily describes a Git workflow process, focusing on procedures for code contribution, review, and merging, without explicit or implied references to system quality attributes such as performance, reliability, security, or others.",0.25
0013-handle-eventual-consistency-with-etags.md,"('Informatievlaanderen', 'publicservice-registry')",Maintainability,"The ADR discusses managing and processing data files, tracking changes, and handling complex data relationships, which relates to system modifiability, data management, and ease of updates. It emphasizes the importance of capturing changes holistically and ensuring the system can adapt to data modifications efficiently, aligning with maintainability concerns.",0.6
004-temporary-and-permanent-identifiers.md,"('Informatievlaanderen', 'road-registry')",Performance,"The ADR emphasizes improvements in startup reliability, dependency tracking, and lazy loading, which relate to system performance and efficiency during startup and operation. While not explicitly mentioning performance metrics, the focus on reducing fragility and enhancing startup efficiency suggests a concern with system performance characteristics.",0.6
0011-preinstallable-images-on-data-volume.md,"('Internet-of-People', 'titania-os')",Primarily Functional,"The ADR primarily discusses branching and release strategies, focusing on organizational and process decisions rather than system quality attributes. There are no explicit or implied references to non-functional qualities such as performance, security, reliability, or others.",1.0
0018-use-regular-expression-to-split-multiple-sentence-titles.md,"('JabRef', 'jabref')",Primarily Functional,"The ADR primarily discusses a design decision related to how preferences are stored and retrieved, focusing on the functional aspect of preference management and localization handling. It does not explicitly reference non-functional quality attributes such as performance, security, or scalability, but rather addresses a functional approach to data storage and retrieval.",0.7
0021-keep-study-as-a-dto.md,"('JabRef', 'jabref')",Maintainability,"The ADR focuses on improving the system's maintainability by moving a script into a Docker image and creating a Windows-compatible wrapper, which simplifies updates, reduces complexity, and enhances ease of modification and support across environments.",0.75
0005-use-cpp-to-interface-with-the-ftduino.md,"('KIT-SOC4S', 'ftd-scratch3-offline')",Maintainability,"The ADR focuses on structuring code into helper functions to improve code reuse, ease of updates, and simplify modifications. These aspects directly relate to maintainability, emphasizing modularity, reusability, and ease of change.",0.75
0003-Pipeline_API_Rewrite.md,"('KonduitAI', 'konduit-serving')",Performance,"The ADR primarily discusses mechanisms for downloading, caching, and accessing remote resources efficiently, which directly impacts system performance and resource utilization. The focus on caching strategies, download validation, and resource access protocols indicates a concern with performance efficiency.",0.85
0004-build-an-abstracted-resident-store.md,"('LBHackney-IT', 'evidence-api')",Performance,"The ADR emphasizes message delivery guarantees, fault tolerance, and decoupling to ensure reliable message processing, which directly relates to system responsiveness and resource utilization. The focus on guaranteed delivery and handling offline subscribers suggests an underlying concern with system performance and efficiency in message handling.",0.65
Event-Driven-Architecture.md,"('LBHackney-IT', 'lbh-adrs')",Observability,"The ADR explicitly discusses logging, monitoring, tracing, and visualization of system behavior, which directly aligns with the 'Observability' quality attribute. The focus is on making internal states inferable from external outputs to facilitate debugging and performance analysis.",0.8
0005-use-eslint.md,"('LBHackney-IT', 'lbh-frontend-react')",Maintainability,"The ADR focuses on insulating importers from internal implementation details, particularly styles and component structure, to simplify usage and reduce the effort needed to adapt or modify the system. This aligns with maintainability, as it aims to make the system easier to modify, extend, and understand.",0.75
0012-reimplement-gov-uk-frontend-javascript-internally-to-this-library.md,"('LBHackney-IT', 'lbh-frontend-react')",Performance,"The ADR emphasizes the use of IndexedDB to support offline capabilities and data persistence, which directly impacts the system's ability to perform data storage and retrieval efficiently, especially in offline scenarios. While not explicitly mentioning performance metrics, the focus on supporting offline use and data recovery implies considerations related to system responsiveness and resource utilization during data operations.",0.65
0007-use-postgres-search.md,"('LBHackney-IT', 'report-a-defect')",Scalability,"The ADR primarily discusses capacity planning and resource limits related to database plans, focusing on ensuring sufficient capacity rather than addressing system qualities like performance, security, or reliability.",0.4
adr-8-dome-ingest.md,"('MITLibraries', 'dos-server')",Primarily Functional,"The ADR primarily discusses the functional aspects of choosing a programming language based on factors like concurrency support, deployment environment, packaging, and ecosystem. It does not explicitly reference or imply any non-functional quality attributes such as performance, security, or scalability.",0.75
0005-use-aws-lambda.md,"('MITLibraries', 'mario')",Primarily Functional,"The ADR primarily discusses the choice of a documentation standard (OpenAPI Specification) for API documentation. It focuses on functional aspects related to documentation formats and tooling, without referencing any non-functional quality attributes such as performance, security, reliability, or usability.",1.0
0005-docker-containers-for-everything.md,"('NERC-CEH', 'datalab')",Maintainability,"The ADR discusses replacing an existing proxy with a new one (Traefik) due to configuration difficulties and support issues, emphasizing ease of configuration and operational reliability. These concerns relate to how easily the system can be maintained and adapted, which aligns with maintainability attributes.",0.4
0007-kubernetes-for-container-orchestration.md,"('NERC-CEH', 'datalab')",Performance,"The ADR discusses the support for WebSockets and the need for an API to configure the proxy, which relates to the system's ability to efficiently handle specific protocols and configurations. Ensuring WebSocket support and manageable configuration impacts the system's performance and responsiveness, especially in real-time data scenarios like dashboards.",0.65
0039-prometheus-operator-helm-chart.md,"('NERC-CEH', 'datalab')",Portability,"The ADR emphasizes simplifying deployment and maintenance to enhance portability across different environments, notably by moving from Vault to Kubernetes secrets. The focus on portability is evident in the context of making the system easier to deploy and maintain in various environments.",0.8
0003.md,"('ONSdigital', 'dp')",Primarily Functional,"The ADR primarily discusses the handling and publication of datasets, hierarchies, and code lists, focusing on what data is made available and how access is controlled, without explicit reference to non-functional quality attributes such as performance, security, or scalability. The mention of security is contextual and related to data sensitivity, but it does not specify security as a system-wide quality attribute. Therefore, the decision centers on functional aspects of data publication and access control.",0.3
0003-replace-rdb-with-json.md,"('ONSdigital', 'eq-author-app')",Security,"The ADR discusses the use of the 'kid' (key ID) in token headers to identify cryptographic keys used for signing and encryption, which directly relates to security concerns such as key management, access control, and data protection.",0.85
0010-cookies.md,"('ONSdigital', 'eq-questionnaire-runner')",Primarily Functional,"The ADR primarily discusses the selection of a database technology (relational vs. graph) based on data modeling and integration considerations. It does not explicitly or implicitly reference any non-functional quality attributes such as performance, reliability, security, maintainability, scalability, usability, portability, compatibility, observability, or testability. The focus is on functional aspects like data structure and integration, which fall under functional concerns.",1.0
0010-use-jest-and-cypress-for-tests.md,"('PakkuDon', 'SoundCloudVisualizer')",Performance,"The ADR primarily focuses on optimizing the lock release process to reduce latency and improve transaction throughput, which directly relates to system performance. It discusses asynchronous lock release mechanisms, latency considerations, and load reduction on the lock service, all of which are key aspects of performance efficiency.",0.85
0004-client-side-routing-using-history-api-and-redirects.md,"('PakkuDon', 'pixel-art-gallery')",Primarily Functional,"The ADR primarily discusses the choice of a frontend framework (AngularJS 1.x) without explicit mention or implication of non-functional quality attributes such as performance, security, reliability, or scalability. It focuses on the functional aspect of technology selection rather than quality attributes.",0.3
0016-structure-of-error-object.md,"('SAP', 'cloud-sdk-js')",Performance,"The ADR discusses enhancing the API to support complex OData queries, including navigation properties and raw value access, which directly impacts the efficiency of data retrieval operations. The focus on supporting high-priority query patterns suggests an emphasis on improving response times and throughput for these operations.",0.75
0019-openapi-generator-naming.md,"('SAP', 'cloud-sdk-js')",Security,"The ADR primarily discusses implementing x509-based authentication for service access, which directly relates to security attributes such as confidentiality, integrity, and secure access control. The focus on secure credential handling, TLS layer secrets, and certificate management indicates a strong emphasis on security considerations.",0.85
form-field-variations.md,"('SFDigitalServices', 'webform')",Primarily Functional,"The ADR primarily discusses a design decision related to the structure and management of notification titles within the system, focusing on consistency and centralization. It does not reference or imply any non-functional quality attributes such as performance, security, reliability, or usability. The decision is about implementation details and best practices for notification messaging, which are functional concerns.",0.2
writing-docs.md,"('Skyscanner', 'backpack')",Maintainability,"The ADR discusses a change in how the system manages the loading of context data, focusing on improving code simplicity, efficiency, and ease of modification. This aligns with maintainability, as it aims to make the system easier to modify and optimize over time.",0.6
0005-use-redis-and-bull-for-background-tasks.md,"('SmartBear', 'git-en-boite')",Performance,"The ADR explicitly discusses performance concerns related to slow git operations and the need to guarantee decent performance for users, especially under heavy IO conditions. The focus on response times and efficiency indicates a primary concern with performance attributes.",0.85
0011-put-integration-tests-in-seperate-folder.md,"('StuPro-TOSCAna', 'TOSCAna')",Primarily Functional,"The ADR primarily discusses a functional decision about whether to support node type definitions in a TOSCA template. It does not reference or imply any non-functional quality attributes such as performance, security, reliability, or others.",1.0
0016-not-supporting-type-definitions.md,"('StuPro-TOSCAna', 'TOSCAna')",Primarily Functional,"The ADR primarily discusses the selection and use of tools (CloudFormation Builder, SDK, or custom builder) to generate CloudFormation templates. It focuses on functional aspects such as creating templates and supporting development workflows, without explicit references to non-functional quality attributes like performance, security, or scalability.",0.25
2020_05_13_handling_non_crud_operations_in_api.md,"('Sylius', 'Sylius')",Primarily Functional,"The ADR primarily discusses the approach to handling resource identifiers (IRI vs. id/code) within the API, focusing on data transformation and API consistency rather than system performance, security, or other quality attributes. It centers on functional aspects of data representation and API design.",0.55
0005-inject-ab-config-global-values-toPresenter.md,"('Trendyol', 'ios-architecture-decision-logs')",Primarily Functional,"The ADR focuses solely on design guidelines and constraints related to visual and stylistic elements, with no mention or implication of non-functional quality attributes such as performance, security, reliability, or usability.",1.0
0011-use-govuk-design-system-form-builder.md,"('UKGovernmentBEIS', 'beis-report-official-development-assistance')",Security,"The ADR explicitly focuses on ensuring the application's security through static code analysis to identify security issues, and mentions maintaining security during development and the application's lifetime. The decision revolves around security concerns, making 'Security' the most appropriate primary category.",0.85
0019-use-data-migrations-to-update-live-data.md,"('UKGovernmentBEIS', 'beis-report-official-development-assistance')",Performance,"The ADR emphasizes using Terraform for infrastructure provisioning and deployment, which directly impacts the system's efficiency in resource utilization and deployment speed. While not explicitly stated, the choice of tools like Terraform and CI pipelines suggests a focus on efficient deployment processes, which aligns with performance efficiency considerations.",0.65
0024-use-scripts-to-rule-them-all.md,"('UKGovernmentBEIS', 'beis-report-official-development-assistance')",Maintainability,"The ADR focuses on changing the process of executing data migrations, emphasizing ease of modification, control, and testing of migration scripts. It discusses procedural changes to improve the manageability and safety of data migrations, which aligns with maintainability attributes.",0.6
0009-remove-hal-links.md,"('UST-QuAntiL', 'qc-atlas')",Security,"The ADR discusses JWT signing methods, which directly relate to security concerns such as data integrity, authentication, and key management. The focus on asymmetric versus symmetric signing methods implicates security attributes like confidentiality and key control.",0.8
0002-use-sha256-with-base64url-encoding.md,"('VirtualProgrammingLab', 'documentation')",Performance,"The ADR emphasizes the use of hashing and encoding techniques to verify data integrity efficiently, focusing on minimizing data transfer size and processing overhead, which relates to performance efficiency attributes.",0.75
adr-0003-nix-for-dependency-management.md,"('Vodurden', 'CrossyToad')",Maintainability,"The ADR primarily discusses the functional aspect of input handling—supporting discrete and continuous input—without explicit reference to non-functional quality attributes such as performance, security, or scalability. It focuses on how the system processes input events rather than qualities like efficiency or robustness.",0.2
0007-follow-optimistic-concurrency.md,"('VolleyManagement', 'volley-management')",Maintainability,"The ADR primarily discusses coding practices, code quality, and maintainability guidelines without explicit reference to non-functional quality attributes such as performance, security, reliability, or scalability. It focuses on coding standards and modularity, which are functional concerns related to code organization and development practices.",0.75
adr-007-pa-dep-client-app.md,"('WikiWatershed', 'model-my-watershed')",Maintainability,"The ADR emphasizes refactoring, code clarity, reusability, and onboarding improvements, all of which are core aspects of maintainability. The decision to adopt Vue and ECMAScript 2015+ aims to improve the ease of understanding, extending, and maintaining the codebase.",0.8
0004-asset-integrity-check.md,"('Y2Z', 'monolith')",Maintainability,"The ADR emphasizes establishing a uniform file structure for React applications and choosing tools (Create React App, NPM) that promote consistency and ease of maintenance. This focus on structure and tooling aligns with maintainability, as it facilitates easier updates, understanding, and modification of the project.",0.75
0277-run-action-shell-options.md,"('actions', 'runner')",Portability,"The ADR primarily discusses the configuration and support for different shell environments used to run scripts within a platform, focusing on how commands are executed rather than on system qualities like performance, security, or reliability. It does not specify or imply non-functional attributes such as performance, security, or scalability, but rather details the functional mechanism of executing scripts with various shells.",0.2
0002-add-default-implementations-to-componentlifecycle.md,"('adaptris', 'interlok')",Maintainability,"The ADR discusses adding default implementations to an interface to improve code maintainability and ease of extension, which directly relates to maintainability attributes such as modularity, reusability, and ease of modification.",0.7
0004-expose-services-through-rest-api.md,"('adhuc-projects', 'cena')",Portability,"The ADR emphasizes exposing services via a REST API, which involves considerations of platform independence, environment neutrality, and ease of transfer across different systems and environments. The focus on well-established communication protocols and self-descriptive APIs aligns with portability attributes.",0.8
0005-help-comments.md,"('adoble', 'adr-j')",Maintainability,"The ADR focuses on embedding help comments and documentation directly within the code to facilitate easier updates and maintenance of help texts, which directly relates to the maintainability attribute. It emphasizes reducing manual effort in keeping documentation current and consistent with code changes, a core aspect of maintainability.",0.75
0005-we-chose-our-primary-cloud-provider.md,"('agnesei', 'clone_difitalcitizenship')",Performance,"The ADR emphasizes the need for elastic scalability, latency guarantees, and high availability for cloud services, which are core aspects of performance efficiency. The focus on data distribution, latency, and resource management indicates a concern with how efficiently the system performs under varying loads.",0.85
0013-show-no-kickers-for-ties.md,"('alexanderbird', 'texas-holdem-code-challenge')",Primarily Functional,"The ADR focuses solely on the presentation of tie-breaker information (kickers) in a card game context, which pertains to functional display logic rather than non-functional quality attributes. There is no mention or implication of performance, security, reliability, maintainability, scalability, usability, portability, compatibility, observability, or testability.",1.0
0005-minimize-the-amount-of-code-that-must-be-tested-in-the-browser.md,"('alexanderbird', 'where-away')",Maintainability,"The ADR focuses on reducing testing complexity and effort in the browser by shifting logic to the build process, which directly relates to making the system easier to modify, understand, and maintain. It emphasizes simplifying client-side code to improve the ease of updates and testing, aligning with maintainability attributes.",0.7
adr-006-track-metrics-via-time-dimension.md,"('alphagov', 'content-data-api')",Performance,"The ADR focuses on tracking metrics through a time dimension to support analytical reporting and performance indicators, which directly relates to system performance and efficiency in processing and analyzing data over time.",0.85
0005-avoiding-initialisation-flickers.md,"('alphagov', 'content-publisher')",Performance,"The ADR primarily addresses the visual flickering issue during page load, which relates to the timing and efficiency of content rendering and user experience. The focus is on minimizing distracting flashes to improve perceived performance and user satisfaction, aligning with performance efficiency concerns.",0.75
0008-interrogation-method-iam-role.md,"('alphagov', 'csw-backend')",Security,"The ADR primarily discusses establishing a secure, low-risk method for access control via IAM roles and policies, emphasizing principles like least privilege and tamper-evidence, which are core security concerns.",0.8
adr-003-initial-data-retention-strategy.md,"('alphagov', 'email-alert-api')",Performance,"The ADR primarily focuses on data retention, archiving, and deletion processes to optimize system performance and resource utilization, especially regarding large data volumes like emails and delivery attempts. These measures aim to improve efficiency by managing data growth and ensuring timely cleanup, which directly relates to performance efficiency.",0.85
0006-puppet-architecture.md,"('alphagov', 'govuk-aws')",Maintainability,"The ADR discusses architectural choices related to deployment and operational management, such as managing Puppetmasters, deployment processes, and consistency. These aspects directly impact the ease of modifying, maintaining, and operationally supporting the system, which aligns with the 'Maintainability' quality attribute.",0.6
0017-terraform-data-structure.md,"('alphagov', 'govuk-aws')",Maintainability,"The ADR focuses on organizing configuration data in a structured, modular way to facilitate easier management, updates, and consistency across multiple projects and environments. This emphasis on structure, reusability, and ease of modification aligns closely with maintainability attributes.",0.7
0022-remove-the-elasticsearch-proxy.md,"('alphagov', 'govuk-aws')",Performance,"The ADR discusses removing a proxy layer that was previously used to load balance connections to Elasticsearch, which directly impacts the system's performance and resource utilization. The decision to eliminate the proxy aims to simplify data flow and potentially improve response times and resource efficiency, indicating a focus on performance efficiency.",0.75
0010-use-dex-idp-for-user-web-auth.md,"('alphagov', 'govuk-infrastructure')",Security,"The ADR focuses on implementing a single sign-on (SSO) service and identity provider, which directly relates to protecting user authentication and ensuring secure access control. The decision to use Dex as an identity provider emphasizes security considerations such as single sign-on, high availability, and protection against attacks.",0.7
0004-structure-for-terraform-projects.md,"('alphagov', 'govuk-kubernetes-discovery')",Maintainability,"The ADR primarily addresses the organization, modularization, and management of Terraform code and secrets, which directly impacts how easily the system can be maintained, modified, and extended over time. It emphasizes code reuse, separation of concerns, and secret encryption practices, all of which are key aspects of maintainability.",0.6
ADR003-container-orchestration.md,"('alphagov', 'gsp')",Performance,"The ADR emphasizes features such as high availability, load balancing, horizontal scalability, and self-healing, which are directly related to the system's ability to perform efficiently under varying loads and conditions. These aspects are core to performance efficiency, focusing on system responsiveness, resource utilization, and resilience.",0.75
ADR004-tenant-isolation.md,"('alphagov', 'gsp')",Primarily Functional,"The ADR primarily discusses architectural choices related to tenant isolation strategies, deployment models, and operational management. It does not explicitly reference or imply any specific non-functional quality attributes such as performance, security, reliability, or scalability. The focus is on functional aspects like environment separation and deployment architecture.",0.45
ADR022-logging.md,"('alphagov', 'gsp')",Observability,"The ADR focuses on logging, monitoring, and the ability to infer system states through logs, which aligns with the quality attribute of Observability. It discusses log collection, storage, and access for debugging and auditing, key aspects of system observability.",0.45
ADR034-one-service-operator-different-resource-kinds.md,"('alphagov', 'gsp')",Security,"The ADR explicitly mentions monitoring and maintaining security, scope, and AWS Service Operator activity, indicating a concern for security aspects such as access control, scope management, and potential vulnerabilities.",0.7
0003-use-ecs-for-initial-beta-buildout.md,"('alphagov', 'monitoring-doc')",Performance,"The ADR discusses deploying Prometheus in ECS to evaluate its effectiveness, which implies considerations related to system performance, resource utilization, and operational efficiency during the deployment and evaluation phase.",0.75
ADR007-paas-taking-ownership.md,"('alphagov', 'paas-csls-splunk-broker')",Primarily Functional,"The ADR primarily discusses ownership, maintenance, and operational responsibilities of a service broker, with no explicit or implied references to non-functional quality attributes such as performance, security, reliability, or others. It focuses on organizational and operational decisions rather than system qualities.",0.55
ADR003-AWS-credentials.html.md,"('alphagov', 'paas-team-manual')",Security,"The ADR primarily addresses the security concern of preventing credential leaks and unauthorized access to AWS resources. It discusses mechanisms like IAM roles, policies, and IP restrictions to safeguard access, which are core security attributes.",0.8
ADR004-domain-naming-scheme.html.md,"('alphagov', 'paas-team-manual')",Portability,"The ADR discusses domain naming schemes and environment-specific URLs, emphasizing the ability to transfer and adapt the system across different environments and domains. This focus aligns with portability, which includes adaptability and environment neutrality.",0.4
ADR022-web_app_language_and_framework_selection.html.md,"('alphagov', 'paas-team-manual')",Security,"The ADR emphasizes the importance of secure defaults to prevent vulnerabilities such as XSS, indicating a focus on security attributes in the decision-making process.",0.75
ADR033-redirect-http-for-applications.html.md,"('alphagov', 'paas-team-manual')",Security,"The ADR focuses on redirecting HTTP traffic to HTTPS to ensure secure communication, which directly relates to security attributes such as data protection and access control. The decision aims to enhance the security posture by enforcing encrypted connections and maintaining HSTS preload lists.",0.85
adr-005-forking-frontend-components-from-govuk-frontend.md,"('alphagov', 'publisher')",Maintainability,"The ADR discusses forking and isolating components to facilitate future updates and adherence to standards, which relates to the ease of modifying and maintaining the system. It emphasizes future-proofing and compatibility, core aspects of maintainability.",0.75
0004-pin-versions-of-jenkins-and-plugins.md,"('alphagov', 're-build-systems')",Maintainability,"The ADR emphasizes supporting a limited set of plugin versions, maintaining a release cycle, and documenting upgrade processes. These aspects relate to the system's ease of modification, manageability, and ensuring consistent updates, which are core concerns of maintainability.",0.5
adr-003-popularity-updating-without-index-locks.md,"('alphagov', 'search-api')",Performance,"The ADR discusses optimizing the process of updating index data by avoiding locks and using external versioning strategies, which directly impacts the system's performance and efficiency during reindexing operations.",0.85
0003-use-files-to-store-private-keys copy.md,"('alphagov', 'verify-onboarding-prototypes')",Security,"The ADR discusses handling private keys for signing and decrypting authentication responses, which directly relates to security concerns such as confidentiality and secure key management.",0.85
20190327-hashing-attributes.md,"('alphagov', 'verify-proxy-node')",Observability,"The ADR emphasizes logging a secure hash of user attributes and monitoring for mismatches to detect potential security breaches or malicious activities. This focus on externalized system monitoring, metrics, and alerting aligns closely with the 'Observability' quality attribute, which encompasses logging, monitoring, and tracing to infer internal system states.",0.8
0021-we-will-use-http-200-for-valid-saml.md,"('alphagov', 'verify-service-provider')",Compatibility,"The ADR primarily discusses the handling of SAML responses and HTTP status codes, focusing on functional behavior and API communication protocols. It does not reference or imply any non-functional quality attributes such as performance, security, or scalability.",0.4
0024-release-process-for-verify-service-provider.md,"('alphagov', 'verify-service-provider')",Security,"The ADR emphasizes making the release process more secure by signing artifacts, which directly relates to protecting software integrity and preventing unauthorized modifications. The focus on signing artifacts to ensure trust and security for relying parties indicates a primary concern with security attributes.",0.75
0010-shape-annotation-types.md,"('aml-org', 'amf')",Primarily Functional,"The ADR focuses on adding annotation types to enable source tracking and model inference, which are structural and metadata-related decisions rather than quality attributes. There is no explicit or implied reference to non-functional quality attributes such as performance, security, reliability, or usability.",1.0
0009-source-information-node-storing-source-locations.md,"('aml-org', 'amf-core')",Observability,"The ADR primarily discusses a structural change to include source location metadata within the model, focusing on how source information is stored and rendered. It does not reference or imply any non-functional quality attributes such as performance, security, reliability, or usability.",0.55
0004-keep-qa-and-devs-html-selectors-separate.md,"('anilewek', 'adr')",Testability,"The ADR primarily discusses organizational and technical decisions related to maintaining separate sets of UI selectors for development and QA teams. It does not reference any non-functional quality attributes such as performance, security, reliability, or usability. The focus is on functional aspects of selector management and organizational practices.",0.25
ADR-20-explorer-settings-panel-architecture.md,"('anilewek', 'adr')",Primarily Functional,"The ADR primarily describes the architectural organization and modular structure of the Settings Panel, focusing on how components are instantiated, configured, and interact. It emphasizes scalability, testability, and maintainability of the system's architecture rather than specific quality attributes. There are no explicit or implied references to non-functional quality attributes such as performance, security, reliability, or usability.",0.95
ADR-32-wearable-committee-reverts.md,"('anilewek', 'adr')",Security,"The ADR primarily discusses the process of versioning and validation of wearable data, focusing on how to ensure the integrity and correctness of the data through hashing mechanisms. It does not explicitly reference any non-functional quality attributes such as performance, security, or scalability, but rather concentrates on functional correctness and validation procedures.",0.2
ADR-43-catalyst-api-refinment.md,"('anilewek', 'adr')",Performance,"The ADR primarily discusses optimizing API responses to reduce data transfer costs and improve synchronization and bootstrapping times, which directly relate to system performance and resource utilization.",0.85
ADR-46-royalties-manager-v1.md,"('anilewek', 'adr')",Compatibility,"The ADR primarily describes a functional aspect of the system—specifically, how to determine the royalties receiver based on on-chain data and interfaces. It does not reference non-functional quality attributes such as performance, security, or usability.",0.4
0003-cqrs.md,"('anton-liauchuk', 'educational-platform')",Performance,"The ADR emphasizes optimizing read and write operations separately, which directly relates to system performance and efficiency. By implementing CQRS, the system aims to improve responsiveness and throughput for different types of operations, indicating a focus on performance optimization.",0.85
0003-distributed-workqueue.md,"('apache', 'james-project')",Performance,"The ADR discusses the implementation of a distributed work queue, focusing on how tasks are managed and executed across nodes, with specific attention to serial processing and resource utilization (e.g., message prefetching). These aspects relate to how efficiently the system handles task execution and resource management, which aligns with performance efficiency considerations.",0.75
0005-distributed-task-termination-ackowledgement.md,"('apache', 'james-project')",Observability,"The ADR discusses broadcasting events related to task termination, which implies monitoring, event logging, and system observability to track internal states and events across distributed nodes.",0.8
0024-polyglot-strategy.md,"('apache', 'james-project')",Performance,"The ADR discusses implementing polyglot components and mailets in Scala to modernize the codebase and leverage the language's functional programming ecosystem. This decision impacts system performance, especially considering the potential effects on build times and runtime efficiency, which are core aspects of performance efficiency.",0.75
0026-removing-configured-additional-mailboxListeners.md,"('apache', 'james-project')",Maintainability,"The ADR primarily discusses implementing an event sourcing mechanism to track and manage mailbox listener groups, which relates to system modifiability, auditability, and ease of future changes. It emphasizes maintaining a clear, auditable state of configuration, which aligns with maintainability concerns.",0.6
0028-Recompute-mailbox-quotas.md,"('apache', 'james-project')",Maintainability,"The ADR describes implementing a corrective task to recompute mailbox quotas, which involves modifying and maintaining the system's internal data consistency. This focus on system upkeep, correction, and ease of future modifications aligns with maintainability attributes.",0.6
0035-distributed-listeners-configuration.md,"('apache', 'james-project')",Observability,"The ADR discusses monitoring and managing mailbox listeners, including health checks, topology change broadcasts, and resource synchronization with RabbitMQ. These aspects relate to system observability, as they involve external outputs, metrics, and monitoring mechanisms to ensure system health and proper operation.",0.8
0042-applicative-read-repairs.md,"('apache', 'james-project')",Reliability,"The ADR discusses mechanisms for maintaining data consistency and auto-healing in a distributed system, specifically through read repairs, which are aimed at ensuring system reliability and correctness over time despite eventual consistency challenges.",0.8
0050-jmap-web-push.md,"('apache', 'james-project')",Security,"The ADR discusses web push notifications, which involve encryption, message security, and privacy considerations, especially with references to RFC-8291 and encryption libraries. These aspects relate to protecting data in transit and ensuring secure communication channels, aligning with the Security quality attribute.",0.6
0003-have-the-master-documentation-in-the-readme.md,"('arachne-framework', 'architecture')",Usability,"The ADR emphasizes the importance of the README as a primary entry point for new users or team members to understand, set up, and start working with the system. This focus on ease of onboarding, clarity, and accessibility aligns with the quality attribute of Usability, which concerns how effectively and efficiently users can achieve their goals with the system.",0.65
0003-monitor-condition-and-data-selectors.md,"('arachne-framework', 'architecture')",Usability,"The ADR primarily addresses how data is exposed and selected within the user interface, emphasizing ease of use and clarity for users configuring integrations. It discusses interface design considerations, such as making data selection intuitive and reducing the need for users to consult external documentation, which aligns with usability concerns.",0.6
0019-GPIO.md,"('arachne-framework', 'architecture')",Primarily Functional,The ADR primarily addresses a decision about which types of device integrations (specifically GPIO-based) are accepted or deprecated within the system. It focuses on functional aspects of system capabilities and supported interfaces rather than non-functional quality attributes.,0.45
adr-015-data-abstraction-model.md,"('arachne-framework', 'architecture')",Performance,"The ADR emphasizes the need for a common data abstraction layer that supports multiple backends and ensures efficient data manipulation across diverse storage systems. The focus on supporting various database types and enabling flexible, performant data operations suggests a concern with system responsiveness and resource utilization, which aligns with Performance Efficiency.",0.75
0010-archivematica-original-design-principles.md,"('archivematica', 'archivematica-architectural-decisions')",Performance,"The ADR emphasizes the generation of system-independent, self-documenting AIPs and the use of configurable preservation actions, which relate to system performance in processing, generating, and managing digital objects efficiently. The focus on long-term preservation and system integration also implies considerations of resource utilization and operational efficiency.",0.75
0006-use-row-level-security-in-postgres-to-implement-multitenancy.md,"('avniproject', 'openchs-adr')",Security,"The ADR emphasizes the use of Postgres RLS (Row-Level Security) policies to enforce multitenancy, which directly relates to protecting data access and ensuring that organizations cannot view or modify each other's data. This focus on access control and data protection aligns with the security quality attribute.",0.7
0004-api-key.md,"('awslabs', 'aws-sync-routes')",Security,"The ADR emphasizes restricting access to an API endpoint using API keys, which directly relates to security concerns such as access control and protection against unauthorized use. The focus on limiting access to sensitive operations indicates a concern for system security.",0.85
adr-0002-backend-language-framework.md,"('azavea', 'pfb-network-connectivity')",Maintainability,"The ADR emphasizes using familiar frameworks (Django and Django Rest Framework) to facilitate development efficiency, flexibility, and future modifications. The focus on leveraging existing solutions and the team's familiarity suggests a concern with ease of maintenance, adaptability, and reducing complexity over time.",0.6
2019-05-09-modular-architecture.md,"('bbc', 'digital-paper-edit-client')",Performance,"The ADR discusses architectural organization choices that impact system responsiveness, build efficiency, and deployment processes, which are closely related to performance efficiency. While it touches on modularity and separation, the core concern is how the architecture influences the system's operational performance, such as build times, deployment speed, and runtime responsiveness.",0.65
2019-09-28-time-estimation-for-links.md,"('bbc', 'digital-paper-edit-client')",Primarily Functional,"The ADR primarily discusses a functional approach to estimating voice over time using a words-per-minute calculator, focusing on the implementation method rather than system qualities like performance or security.",0.4
ADR-003-handling-duplicate-node-ids.md,"('bbc', 'lrud')",Primarily Functional,"The ADR primarily discusses a design decision related to the handling of node IDs within a data structure, focusing on internal data management and API behavior. It does not reference or imply any non-functional quality attributes such as performance, security, reliability, or usability.",0.55
2018-10-02-component-fonts.md,"('bbc', 'react-transcript-editor')",Compatibility,"The ADR primarily discusses font choices and inheritance strategies for a component, focusing on visual presentation rather than non-functional quality attributes. There is no explicit or implied reference to performance, security, reliability, scalability, usability, portability, compatibility, observability, or testability.",0.2
geocoder.md,"('bcgov', 'PIMS')",Usability,"The ADR focuses on improving user experience by enabling easier, more accurate data entry and verification through integration with the Geocoder API. It emphasizes usability enhancements such as reducing manual effort, minimizing errors, and providing better address validation, which are core aspects of usability.",0.7
0012-can-t-use-esbuild.md,"('ben-biddington', 'news')",Compatibility,"The ADR primarily discusses technical build issues related to the use of esbuild, such as runtime errors, external dependencies, and build configuration. It does not reference or imply any non-functional quality attributes like performance, security, reliability, or others. The focus is on resolving build tooling problems rather than system qualities.",0.45
0003-use-typescript.md,"('benjamminj', 'portfolio')",Maintainability,"The ADR emphasizes benefits related to refactoring, documentation, and productivity improvements facilitated by adopting TypeScript. These aspects directly relate to maintainability, as they improve the ease of modifying and understanding the system over time.",0.6
0018-backwards-differential-solver.md,"('biosustain', 'Maud')",Performance,"The ADR discusses the stability and speed of different ODE solvers, focusing on improving the efficiency and stability of system performance during numerical computations. The decision to revert to a more stable solver emphasizes performance considerations, particularly in handling larger systems efficiently.",0.85
adr_python-dev-env.md,"('boxwise', 'boxtribute')",Testability,"The ADR emphasizes code maintainability through decisions about testing, formatting, linting, and environment setup, all of which directly impact how easily the codebase can be modified and maintained over time.",0.8
0004-layered-architecture.md,"('budproj', 'architecture-decision-log')",Maintainability,"The ADR primarily describes the structural organization of the system into layers, focusing on architectural pattern and modularity rather than specific quality attributes. It does not explicitly mention or imply non-functional requirements such as performance, security, or scalability.",0.4
007-package-repository.md,"('budproj', 'unfinished-design-system')",Primarily Functional,"The ADR primarily discusses the choice of a package repository platform (GitHub Packages) based on factors like ease of setup, existing experience, and deployment considerations. It does not reference or imply any specific quality attributes such as performance, security, reliability, or others. The focus is on functional aspects related to deployment options rather than non-functional quality attributes.",0.55
0010-jpa-manages-schema.md,"('buildit', 'bookit-api')",Maintainability,"The ADR discusses managing database schema updates and the implications of using Hibernate's ddl-auto feature, which directly impacts how easily the system can be maintained and evolved over time. It addresses schema management practices, potential risks, and future considerations, all of which relate to maintainability.",0.6
0005-use-aws-rds-aurora-mysql-for-database-persistence.md,"('buildit', 'digitalrig-metal-aws')",Performance,"The ADR emphasizes AWS RDS Aurora MySQL's performance benefits, such as better performance and high availability, indicating a focus on system performance and resource utilization.",0.75
6_package-module-support.md,"('button-inc', 'service-development-toolkit')",Compatibility,"The ADR primarily discusses module packaging formats and support strategies without referencing any non-functional quality attributes such as performance, security, reliability, or usability. It focuses on functional compatibility and support for different module systems rather than quality attributes.",0.8
zindex-values.md,"('cbinsights', 'form-design-system')",Maintainability,"The ADR establishes standards and guidelines for managing z-index values, which directly impacts the ease of maintaining consistent stacking behavior across the application. It emphasizes defining clear rules and ranges for layering, which relates to how easily the system can be modified or extended without introducing stacking conflicts.",0.75
adr-003-abci-app-rpc.md,"('celestiaorg', 'celestia-core')",Primarily Functional,"The ADR primarily discusses the architectural decision regarding whether to expose an RPC server for ABCI apps. It focuses on functional aspects such as interface design, standardization, and code reuse, without explicit reference to non-functional quality attributes like performance, security, or reliability.",0.98
adr-020-block-size.md,"('celestiaorg', 'celestia-core')",Performance,"The ADR primarily discusses size limits on blocks and transactions to optimize resource usage and ensure efficient processing during consensus, which directly relates to performance efficiency. It focuses on bounding resource consumption (block size, memory, unmarshaling) to maintain system performance.",0.85
adr-021-abci-events.md,"('celestiaorg', 'celestia-core')",Performance,"The ADR discusses modifications to how events are returned and indexed, aiming to improve query capabilities and tracking of multiple events. These changes are primarily about optimizing the system's ability to handle and retrieve event data efficiently, which relates to performance efficiency.",0.75
adr-051-double-signing-risk-reduction.md,"('celestiaorg', 'celestia-core')",Reliability,"The ADR focuses on reducing the risk of double signing incidents, which directly impacts the system's fault tolerance and ability to perform correctly under specified conditions. It aims to prevent validator misbehavior that could compromise system correctness and availability, aligning with reliability attributes.",0.85
adr-055-protobuf-design.md,"('celestiaorg', 'celestia-core')",Performance,"The ADR emphasizes transitioning to Protobuf to improve performance and tooling support, highlighting performance as a key concern.",0.85
adr-056-light-client-amnesia-attacks.md,"('celestiaorg', 'celestia-core')",Reliability,"The ADR discusses mechanisms for detecting, proving, and handling malicious behavior (amnesia attacks) that threaten the correctness and consistency of the system. It emphasizes fault detection, evidence collection, and response strategies, which are core aspects of reliability, particularly fault tolerance and recoverability.",0.85
adr-060-go-api-stability.md,"('celestiaorg', 'celestia-core')",Maintainability,"The ADR primarily discusses the organization and exposure of internal and public APIs, including the use of internal directories and the management of API stability and backward compatibility. These decisions directly impact how easily the system can be maintained and evolved over time.",0.75
adr-062-p2p-architecture.md,"('celestiaorg', 'celestia-core')",Performance,"The ADR emphasizes redesigning the P2P architecture to improve message scheduling, backpressure handling, and performance, notably through the use of message passing, queues, and scheduling policies. These aspects directly relate to performance efficiency, as they aim to optimize message throughput, latency, and resource utilization.",0.85
adr-064-batch-verification.md,"('celestiaorg', 'celestia-core')",Performance,"The ADR focuses on optimizing the verification process by implementing batch verification, which directly impacts the system's performance by reducing verification time and resource utilization during consensus and synchronization processes.",0.85
adr-067-mempool-refactor.md,"('celestiaorg', 'celestia-core')",Performance,"The ADR discusses enhancing the mempool to support transaction prioritization, efficient reaping, and gossiping based on transaction priority, which directly impacts the system's throughput, responsiveness, and resource utilization. These are core aspects of performance efficiency.",0.85
adr-068-reverse-sync.md,"('celestiaorg', 'celestia-core')",Performance,"The ADR discusses extending the state sync protocol to fetch, verify, and store historical light blocks, which directly impacts the system's ability to efficiently participate in consensus and validate evidence. This involves optimizing data retrieval and verification processes to ensure timely participation, indicating a focus on performance efficiency.",0.75
adr-007-header-commit-to-shares.md,"('celestiaorg', 'optimint')",Performance,"The ADR discusses mechanisms to optimize data commitment and verification processes in rollup blocks, such as appending headers as footers and downloading specific shares, which are aimed at improving efficiency and resource utilization during data validation and synchronization.",0.75
0003-choice-of-react.md,"('change-metrics', 'monocle')",Usability,"The ADR emphasizes providing a client software that is easily consumable via a web browser, highlighting concerns related to user experience, accessibility, and ease of use. The choice of React is motivated by its popularity, community support, and ability to facilitate building complex UIs, all of which are aligned with usability considerations.",0.4
adr-2018-10-04.md,"('chef', 'automate')",Maintainability,"The ADR discusses the use of human-readable names, display names, and UUIDs, focusing on how identifiers are managed, renamed, and maintained over time. It emphasizes consistency, standardization, and handling of renames and deletions, which are aspects related to the system's maintainability, especially in terms of data management and API design.",0.6
0008-use-linter-for-css.md,"('chunksnbits', 'tooling')",Maintainability,"The ADR focuses on establishing tooling support (stylelint) and a CSS styleguide (BEM) to enforce consistent coding standards, which directly relates to improving the maintainability of CSS code by making it easier to read, modify, and enforce standards across the team.",0.8
0005-implement-minimal-api-abstracting-grimoire.md,"('cljdoc', 'cljdoc')",Maintainability,"The ADR focuses on implementing a minimal cache API to improve ease of use, extensibility, and future modifications of the system. It discusses data format, versioning, and regeneration, which are related to system adaptability and ease of maintenance rather than performance, security, or scalability.",0.6
0008-implement-workarounds-for-capi-and-log-cache-to-unblock-global-strict-mtls.md,"('cloudfoundry', 'cf-k8s-networking')",Security,The ADR primarily addresses issues related to establishing secure communication channels (mTLS) and handling incompatibilities that affect security protocols. The focus on enabling strict mTLS and managing insecure communication workarounds directly pertains to system security and data protection.,0.85
0004-v7-push-refactor.md,"('cloudfoundry', 'cli')",Maintainability,"The ADR primarily discusses refactoring the codebase to improve modularity, testability, and ease of adding new features, which are core aspects of maintainability. It emphasizes splitting complex functions into smaller, testable units and organizing code into sequences of functions, thereby enhancing the system's maintainability.",0.75
0010-renaming-space-application-suporter-role-to-space-supporter.md,"('cloudfoundry', 'cloud_controller_ng')",Maintainability,"The ADR primarily discusses a structural change related to database schema and versioning strategy, with no explicit or implied focus on system quality attributes such as performance, security, reliability, or usability. It centers on operational and maintenance considerations rather than non-functional qualities.",0.4
0004-check-in-copilot-dependencies-that-were-already-vendored.md,"('cloudfoundry-attic', 'copilot')",Maintainability,"The ADR primarily discusses a process change related to dependency management and build procedures, with no explicit or implied reference to system quality attributes such as performance, security, reliability, or usability.",0.4
0007-frame-vs-scale.md,"('contiamo', 'operational-visualizations')",Performance,"The ADR discusses issues related to data ordering, rendering accuracy, and handling of missing data in chart visualization, which directly impact the system's performance efficiency—specifically, its ability to accurately and efficiently render visualizations without artifacts like twists or knots. The focus on sorting, iteration, and data consistency points to concerns about how efficiently the system processes and visualizes data, rather than purely functional or other non-functional attributes.",0.75
adr-004-split-denomination-keys.md,"('cosmos', 'cosmos-sdk')",Performance,"The ADR emphasizes optimizing the storage and retrieval of account balances by storing balances per account and per denomination, enabling O(1) read and write access. This focus on improving access efficiency directly relates to performance efficiency attributes.",0.85
adr-006-secret-store-replacement.md,"('cosmos', 'cosmos-sdk')",Security,"The ADR focuses on enhancing the security of key material and metadata by replacing a plain text storage with a more secure secret store abstraction, directly addressing confidentiality and protection against unauthorized access.",0.9
adr-020-protobuf-transaction-encoding.md,"('cosmos', 'cosmos-sdk')",Performance,"The ADR primarily discusses the encoding, serialization, and signing of transactions using Protocol Buffers and 'Any' types, focusing on efficiency, resource utilization, and minimizing transaction size and malleability. These aspects directly relate to performance efficiency, especially in cross-chain and client compatibility contexts.",0.75
adr-029-fee-grant-module.md,"('cosmos', 'cosmos-sdk')",Security,"The ADR describes a module that grants accounts the ability to spend fees on behalf of others, involving access control and authorization mechanisms. This directly relates to security concerns such as protecting account balances and ensuring proper permissions are enforced.",0.8
adr-044-protobuf-updates-guidelines.md,"('cosmos', 'cosmos-sdk')",Maintainability,"The ADR primarily discusses guidelines for updating and maintaining Protobuf definitions, including versioning, deprecation, and renaming policies, which are aspects related to the maintainability of the system's data schemas. Although it references compatibility and backward compatibility, these are sub-aspects of maintainability, focusing on ease of evolution and clarity of the data definitions.",0.75
adr-015-ibc-packet-receiver.md,"('cosmos', 'ibc-go')",Performance,"The ADR discusses modifications to the transaction processing flow, including early termination of message loops upon certain result codes (`IsBreak()`), and the handling of state changes during packet processing. These aspects relate to optimizing the system's throughput and responsiveness, which are core concerns of performance efficiency.",0.75
0004-hexagonal-architecture-for-applications.md,"('croz-ltd', 'klokwrk-project')",Testability,"The ADR emphasizes improved architecture that supports testability, modularity, and clear structure, which are core aspects of maintainability. It explicitly mentions improving testability, structure, and artifacts, aligning closely with maintainability attributes.",0.8
0003-authenticate-frontstage-users-azure-b2c.md,"('cxpartners', 'sepa-customer-platform')",Primarily Functional,"The ADR primarily discusses a functional decision regarding the authentication flow and user experience, with no explicit or implied references to non-functional quality attributes such as performance, security, reliability, or maintainability. While security considerations are mentioned, they are part of the functional decision context rather than a focus on system quality attributes.",0.85
0003-for-machine-learning-select-a-vendor-specific-stack-of-a-general-stack.md,"('cyrilbois', 'developer-playbook')",Portability,"The ADR primarily discusses the selection of a vendor-specific or portable machine learning infrastructure, focusing on operational considerations such as speed, portability, and management rather than explicit quality attributes like performance, security, or reliability.",0.3
API-010-appcallback-versioning.md,"('dapr', 'dapr')",Primarily Functional,"The ADR focuses solely on a functional aspect—whether to implement API versioning—without referencing any non-functional quality attributes such as performance, security, or maintainability. It discusses the feasibility and design choices related to API versioning but does not imply any specific quality attribute.",1.0
0004-use-client-side-rendering-create-react-app.md,"('dennisseidel', 'saas-platform-frontend')",Performance,"The ADR explicitly mentions performance considerations, such as addressing performance concerns related to client-side rendering and SEO, indicating a focus on how efficiently the system performs its functions, especially in terms of load times and responsiveness.",0.85
0011-persistent-user-identity-proposal,"('department-of-veterans-affairs', 'va.gov-team')",Maintainability,"The ADR discusses refactoring and restructuring data models related to user identity management, which directly impacts the system's maintainability by improving clarity, modularity, and ease of updates.",0.6
0002-choice-of-auth-provider.md,"('digirati-co-uk', 'bfi-discovery')",Security,"The ADR discusses selecting an authentication provider, which directly relates to security concerns such as user authentication, access control, and protection of user data. The decision revolves around how to securely manage user identities and access, making 'Security' the most relevant quality attribute.",0.85
ADR Folder structure.md,"('djsing', 'ELEN4010')",Maintainability,"The ADR primarily addresses the organization and structure of the project’s folder hierarchy, which impacts how easily the system can be maintained, refactored, and extended over time. It discusses the benefits and risks of a fixed versus emergent structure, and emphasizes the need for discipline and documentation to ensure ongoing maintainability.",0.75
0008-location-of-testing-features.md,"('dogmatiq', 'dogma')",Primarily Functional,"The ADR primarily discusses the organizational and versioning structure of testing features within modules, focusing on modularity and maintainability rather than system performance, security, or other quality attributes. It does not reference any non-functional quality attributes explicitly or implicitly.",0.95
ADR-0006.md,"('dtr-org', 'unit-e-project')",Maintainability,"The ADR primarily discusses adopting a coding style guide to improve code readability, consistency, and ease of maintenance. It emphasizes formatting standards, which directly impact the maintainability of the codebase.",0.8
0002-use-bullet-to-catch-nplus1-queries.md,"('dxw', 'dalmatian-frontend')",Performance,"The ADR focuses on preventing inefficient database queries that can negatively impact application response times, directly relating to system performance and resource utilization.",0.85
0008-use-different-aws-account-for-interacting-with-infrastructure-variables.md,"('dxw', 'dalmatian-frontend')",Maintainability,"The ADR discusses managing complexity within the application, specifically handling multiple AWS client types and the resulting layered complexity. This focus on how easily the system can be modified, understood, and maintained aligns with the maintainability attribute.",0.75
0005-use-dotenv-for-managing-environment-variables.md,"('dxw', 'rails-template')",Testability,"The ADR primarily discusses managing environment variables to improve code robustness, testing, and configuration consistency, which are aspects related to maintainability. It emphasizes central management, testing support, and ease of configuration, all of which contribute to the maintainability of the system.",0.8
0013-use-normalize-css-to-normalize-styles-across-browsers.md,"('dxw', 'react-template')",Usability,"The ADR focuses on normalizing styles across browsers to ensure consistent visual presentation, which directly impacts the user experience and interface quality. While it does not explicitly mention performance or security, the primary concern is improving the usability and consistency of the interface for users.",0.6
0005-use-this-repo-as-source-of-setup-scripts.md,"('dxw', 'wordpress-template')",Primarily Functional,"The ADR primarily discusses organizational and procedural decisions regarding repository management and source of files, without referencing any non-functional quality attributes such as performance, security, or usability.",0.6
003-editor.md,"('ec-europa', 'europa-component-library')",Maintainability,"The ADR discusses organizational and structural decisions regarding CSS rule management, such as creating separate packages, presets, and the use of mixins to improve clarity, modularity, and ease of maintenance. These choices directly impact how easily the system can be modified, extended, and maintained over time.",0.75
0007 - Nd4j classifiers.md,"('eclipse', 'deeplearning4j')",Maintainability,"The ADR discusses the flexibility and complexity involved in configuring and linking different library extensions, which impacts how easily the system can be modified, extended, or maintained. It emphasizes managing dependencies and build configurations, aligning with maintainability concerns.",0.6
0007-configuration_objects.md,"('eclipse', 'deeplearning4j')",Maintainability,"The ADR primarily discusses the introduction of a configuration holder with a builder pattern to manage complex parameters across multiple operations, which directly impacts how the system is maintained and extended. It emphasizes reusability, modularity, and ease of modification, all of which are core aspects of maintainability.",0.75
0009-aliasing.md,"('eclipse', 'deeplearning4j')",Compatibility,"The ADR primarily discusses the implementation of an aliasing mechanism for API functions, focusing on how to reference and invoke existing operations across namespaces. It does not mention or imply any non-functional quality attributes such as performance, security, reliability, or usability. The decision is centered on functional behavior—adding aliasing capability—without reference to system qualities.",0.5
DADR-0004-signal-enrichment.md,"('eclipse', 'ditto')",Performance,"The ADR discusses the impact of a new feature on throughput and scalability, indicating a concern with how system performance is affected by different implementation approaches. The focus on payload size, deserialization effort, and caching strategies directly relates to system efficiency and resource utilization.",0.85
0003-double-encoded-urls.md,"('eclipse', 'winery')",Primarily Functional,"The ADR primarily discusses URL encoding strategies and their implications, focusing on functional aspects such as URL formatting and security considerations related to encoding. It does not explicitly reference or imply any non-functional quality attributes like performance, security, or scalability beyond encoding security concerns. Therefore, it is best classified as a functional decision.",0.8
0014-use-eclipse-orion-as-editor.md,"('eclipse', 'winery')",Primarily Functional,"The ADR primarily discusses the choice of an IDE/editor (Eclipse Orion) based on functional criteria such as syntax highlighting, browser compatibility, and existing usage in the project. There is no explicit or implied reference to non-functional quality attributes like performance, security, reliability, or scalability.",0.45
0019-version-in-the-name.md,"('eclipse', 'winery')",Primarily Functional,"The ADR primarily discusses a versioning strategy for TOSCA elements, focusing on how to encode version information within the system's artifacts to ensure compliance and ease of identification. It does not reference or imply any non-functional quality attributes such as performance, security, reliability, or usability.",0.8
0004-Feature-Flags.md,"('edgexfoundry', 'edgex-docs')",Testability,"The ADR primarily discusses a decision about whether to implement feature flags and how to manage feature toggling via configuration, focusing on functional aspects of feature control rather than non-functional quality attributes. There is no explicit or implied reference to performance, security, reliability, or other quality attributes.",0.25
0009-persistence-and-retries-for-events.rst,"('edx', 'event-routing-backends')",Reliability,"The ADR emphasizes retry mechanisms, persistence of failed events, and scheduled re-transmission, all of which are directly related to system fault tolerance, recoverability, and ensuring consistent operation despite failures. These aspects are core to the reliability attribute.",0.9
0004_iso8601vsEpoch.md,"('eikek', 'docspell')",Performance,"The ADR emphasizes the choice of date-time transfer format based on performance considerations, specifically the ease of computation and processing in the Elm application, which benefits from numeric timestamps over string parsing. This indicates a focus on system performance and efficiency.",0.8
0003-associations.md,"('elastic', 'cloud-on-k8s')",Primarily Functional,"The ADR primarily discusses modeling associations between resources and the implications for resource management, referencing specific resource types and their relationships. It does not explicitly or implicitly address non-functional quality attributes such as performance, reliability, security, maintainability, scalability, usability, portability, compatibility, observability, or testability. Instead, it focuses on functional aspects of resource associations and their management strategies.",1.0
0007-make-monitoring-forwarders-storage-independent.md,"('elastisys', 'compliantkubernetes')",Performance,"The ADR emphasizes buffering, storage resilience, and the ability to redeploy forwarders quickly, which directly impacts the system's responsiveness and robustness in handling monitoring data. The focus on ensuring monitoring resilience and quick recovery aligns with performance efficiency attributes, particularly in terms of system responsiveness and resource utilization.",0.75
0004-elife-user.md,"('elifesciences', 'elife-base-images')",Primarily Functional,"The ADR primarily addresses user and process permissions, ownership, and operational procedures related to file and container management. It does not explicitly mention or imply any non-functional quality attributes such as performance, security, reliability, or scalability. The focus is on operational and security best practices without detailed discussion of system qualities.",0.95
0009-supported-python-versions-containers.md,"('elifesciences', 'tech-team')",Performance,"The ADR discusses potential performance impacts due to adding an additional abstraction layer, indicating a concern with system responsiveness and overhead. Although it also touches on modularity and abstraction, the explicit mention of performance overhead suggests that performance efficiency is a primary concern.",0.75
0008-virtual-platform-as-mediator-pattern.md,"('embvm', 'embvm-core')",Compatibility,"The ADR primarily discusses build system configuration and include directory management without referencing any non-functional quality attributes such as performance, security, reliability, or usability. It focuses on procedural and structural aspects of the build process rather than system qualities.",0.45
0003-AWX-for-dlp-automation.md,"('emory-libraries', 'dlp-curate')",Primarily Functional,"The ADR primarily discusses a structural change to the certificate management process, focusing on how certificates are transferred and represented. It does not explicitly or implicitly reference any non-functional quality attributes such as performance, security, or scalability. The decision centers on adopting a standard for data structure to improve operational handling, which is a functional concern.",0.8
0012-device-registries.md,"('energywebfoundation', 'origin')",Performance,"The ADR discusses modifications to search and data processing mechanisms, including flattening and transformation of data structures, which directly impact the efficiency of search operations and data handling. The focus on implementing a flattening approach to optimize search results and reduce complexity indicates a concern with system performance and resource utilization.",0.75
0003-reanalysis-in-terms-of-ux-issues.md,"('geeksforsocialchange', 'PlaceCal')",Compatibility,"The ADR primarily discusses the design of API parameter passing mechanisms, focusing on how optional parameters are represented and used within the API functions. It does not reference or imply any non-functional quality attributes such as performance, security, reliability, or usability. The decision is centered on functional API design and code structure rather than system qualities.",0.2
2018-10-30-storage-metadata-fields-and-optional.md,"('googleapis', 'google-cloud-cpp')",Usability,"The ADR primarily discusses improving the user editing experience by enabling in-place editing, moving options to sidebars, and making the interface more WYSIWYG. These are all aspects related to usability, focusing on how users interact with and experience the system during content editing.",0.7
adr-0003-wysiwyg-blocks-architecture.md,"('greenpeace', 'planet4-docs')",Maintainability,"The ADR primarily discusses a syntax and tooling approach to improve CSS variable management, focusing on code readability and maintainability rather than system performance, reliability, security, or other non-functional attributes. It does not reference or imply any specific quality attribute categories.",0.75
003-package-manager.md,"('guardian', 'cdk')",Performance,"The ADR emphasizes the importance of measuring and managing performance impacts, such as performance degradation affecting revenue streams, SEO, and user experience. The focus on performance metrics and mitigation strategies indicates a primary concern with performance efficiency.",0.85
005-monorepo.md,"('guardian', 'dotcom-rendering')",Maintainability,"The ADR primarily discusses the setup and use of Storybook for component visualization and documentation. It focuses on organizational and procedural aspects related to component presentation rather than specifying or implying any non-functional quality attributes such as performance, security, or scalability.",0.4
012-amp.md,"('guardian', 'dotcom-rendering')",Compatibility,"The ADR primarily discusses a technical migration decision aimed at reducing bundle size and maintaining compatibility, without explicit reference to non-functional quality attributes such as performance, security, or scalability. The focus is on functional aspects of the system architecture (component compatibility and build configuration).",0.8
017-javascript-loading.md,"('guardian', 'dotcom-rendering')",Usability,"The ADR primarily discusses user interaction with embedded third-party content, focusing on user consent and privacy overlays. It does not explicitly specify or imply system performance, reliability, security, maintainability, scalability, usability, portability, compatibility, observability, or testability attributes. The decision revolves around user experience and privacy considerations rather than system quality attributes.",0.4
10-architecture-diagrams.md,"('guardian', 'editions')",Testability,"The ADR primarily discusses branching and release strategies, focusing on organizational and process decisions rather than system quality attributes. There is no explicit or implied reference to non-functional qualities such as performance, security, reliability, or others.",0.25
0002-continuous-integration.md,"('guttih', 'island.is-glosur')",Primarily Functional,"The ADR primarily discusses functional aspects such as support for markdown, customization, and technical direction alignment. It does not explicitly reference non-functional quality attributes like performance, security, reliability, or usability.",0.3
0003-css.md,"('guttih', 'island.is-glosur')",Security,"The ADR emphasizes the importance of using secure protocols (OAuth 2.0 and OpenID Connect) for authentication and authorization, highlighting security as a primary concern. The decision drivers explicitly mention 'Secure,' indicating that security attributes are central to this decision.",0.8
0007-placement-support.md,"('hamlet-io', 'architectural-decision-log')",Performance,"The ADR primarily focuses on optimizing data loading performance through concurrency and transaction management, aiming to speed up operations significantly (8-10x faster loading). While it addresses concurrency hazards, the core concern is improving throughput and efficiency during data loading, which aligns with Performance Efficiency.",0.75
0003-separate-validation-load.md,"('hathitrust', 'holdings-backend')",Maintainability,"The ADR emphasizes structuring code for extendability, modularity, and ease of modification through the use of interfaces, traits, and contracts. These are directly related to maintainability attributes such as modularity, reusability, and ease of future changes.",0.8
0004-Setting_up_vault_as_a_cert_auth.md,"('hmcts', 'cnp-design-documentation')",Testability,"The ADR emphasizes rapid feedback, frequent integration, and automated testing to ensure quick and reliable code changes, which are closely related to system performance and efficiency in development workflows.",0.97
0004-add-contact-and-welsh-information-links-into-footer.md,"('hmrc', 'play-frontend-hmrc')",Maintainability,"The ADR discusses automating the creation and publishing of webjars to improve the development and deployment process, reduce manual effort, and enhance control over the build pipeline. These aspects directly relate to maintainability, as they involve making the system easier to modify, extend, and manage over time.",0.6
0003-use-markdown-architectural-decision-records.md,"('hmrc', 'tracking-consent-frontend')",Testability,"The ADR primarily discusses a change in data modeling for user consent preferences, focusing on simplifying the data structure to prevent misinterpretation. It does not explicitly reference non-functional quality attributes such as performance, security, reliability, or usability. Instead, it centers on functional aspects of data representation and decision-making about consent data structure.",0.25
0005-alpha1-is-last-major-go-release.md,"('holochain', 'holochain-rust')",Maintainability,"The ADR discusses building a custom DHT implementation from scratch, which implies considerations related to the system's modifiability, ongoing support, and long-term maintenance. The decision to support and maintain the DHT code indefinitely highlights a focus on maintainability aspects.",0.7
003-prefer-multiple-config-files.md,"('hugolhafner', 'analytics-server')",Primarily Functional,"The ADR primarily discusses process and procedural aspects related to defining 'done' in a development context, focusing on team communication, specifications, and workflow rather than system qualities. There are no explicit or implied references to non-functional quality attributes such as performance, security, or reliability.",1.0
0048-template-generator.md,"('huifenqi', 'arch')",Primarily Functional,"The ADR primarily discusses feature toggles and default configurations related to resource creation and autoscaling, which are functional aspects of the system's behavior. It does not explicitly reference non-functional quality attributes such as performance, security, or reliability.",0.55
0010-terraform-backend-in-module.md,"('hyprnz', 'terraform-aws-dynamodb')",Observability,"The ADR focuses on creating dashboards for monitoring system metrics, which directly relates to the quality attribute of Observability. It emphasizes monitoring, metrics, and visibility into system states, aligning with Observability's definition.",0.55
0009-msk-client-instance.md,"('hyprnz', 'terraform-aws-msk-module')",Maintainability,"The ADR primarily discusses a decision related to adopting TypeScript over ESLint configuration and the implications for development workflow, tooling, and code quality. It does not explicitly reference or imply any non-functional quality attributes such as performance, security, reliability, or usability. The focus is on functional aspects like code correctness, maintainability, and tooling integration.",0.4
0004-yarn-npm-pnpm-and-docker.md,"('iampeterbanjo', 'iampeterbanjo.com')",Maintainability,"The ADR primarily discusses schema definitions, type generation, validation, and development convenience without referencing any non-functional quality attributes such as performance, security, or usability. It focuses on functional aspects related to code structure and maintainability, but does not specify or imply any particular quality attribute.",0.4
20191026 arch.md,"('ijmccallum', 'life-dashboard')",Maintainability,"The ADR primarily discusses the separation of responsibilities between CDH and ETL services, focusing on where specific feed processing logic should reside. It emphasizes functional boundaries and responsibilities rather than non-functional quality attributes, indicating a concern with system functionality and modularity rather than performance, security, or other quality attributes.",0.4
0003-uploaders.md,"('influx6-prive', 'cdh-adrs')",Performance,"The ADR primarily focuses on optimizing data retrieval and management processes within the ETL system, such as creating dedicated database tables and event-driven updates to improve query performance and reduce manual steps. These actions directly relate to system performance and efficiency in handling data feeds, indicating a focus on performance efficiency.",0.85
adr-007-error.md,"('informalsystems', 'ibc-rs')",Security,"The ADR focuses on detecting conflicting information and misbehavior by validators, which directly relates to system security aspects such as integrity, trustworthiness, and attack detection. The emphasis on verifying and reporting conflicts to prevent malicious activity indicates a concern with security attributes.",0.7
adr-003-light-client-core-verification.md,"('informalsystems', 'tendermint-rs')",Observability,"The ADR discusses the design of an event subscription mechanism, including buffering, routing, and handling of events, which are all aspects related to system observability. It emphasizes monitoring, event streaming, and debugging capabilities, aligning closely with the 'Observability' quality attribute.",0.8
cx-server-in-container.md,"('jchaudhu', 'SAP-Cloud')",Performance,"The ADR discusses leveraging Kubernetes features to support dynamic scalability, which directly relates to the system's ability to handle increased load efficiently through autoscaling mechanisms. The focus on creating pods per stage or per step to optimize execution time and resource utilization indicates an emphasis on performance efficiency.",0.85
state-management.md,"('jdanil', 'skunkworks')",Primarily Functional,"The ADR primarily discusses a deployment strategy involving Terraform and kops, focusing on operational procedures rather than non-functional quality attributes. There is no explicit or implied reference to performance, security, reliability, or other quality attributes.",0.45
0003-doc-about-platform.md,"('jmoratilla', 'devops-challenge')",Reliability,"The ADR primarily discusses mechanisms to ensure system resilience and fault tolerance, such as monitoring, name resolution, network security, SSL certificates, and logging. These are all aspects directly related to the system's ability to perform reliably under various conditions, including fault detection, recovery, and maintaining operational continuity.",0.9
0011-use-a-ci-cd-tool-to-ease-provisioning-workflow.md,"('jmoratilla', 'sre-challenge')",Performance,"The ADR discusses stream versioning and consistency mechanisms that are aimed at ensuring efficient and correct handling of event streams, which directly impacts the system's performance and throughput during event processing and projection updates.",0.75
0004-mongodb-datetime-representation.md,"('johanhaleby', 'occurrent')",Maintainability,"The ADR emphasizes ease of use, fast storage, and a schemaless approach, which relate to how easily the system can be modified, extended, and maintained over time. The choice of MongoDB for flexible schema management directly impacts maintainability by simplifying updates and modifications, especially given the frequent changes in entity schemas.",0.7
0006-post-signalr-directly-from-mgcc.md,"('kakarotto67', 'mlmc')",Performance,"The ADR discusses improving the backend API to enable search functionality for events, which directly relates to system performance in terms of search responsiveness and efficiency. The focus on creating a new search index and optimizing search operations indicates an emphasis on performance aspects.",0.75
0002-replace-username-with-email.md,"('kartevonmorgen', 'rfcs')",Performance,"The ADR emphasizes automating build, test, and deployment processes to ensure timely and efficient feedback cycles, which directly relates to system performance in terms of responsiveness and throughput of the development pipeline. Although not explicitly stated, continuous integration and deployment inherently aim to improve the efficiency of development workflows, which aligns with performance efficiency in the context of operational effectiveness.",0.6
0004-use-dapper-for-data-access.md,"('kbremner', 'read-more-api')",Maintainability,"The ADR primarily discusses the separation of concerns between the Controller and the Service Layer, focusing on organizational and architectural structure rather than non-functional quality attributes. It emphasizes responsibilities and modularity but does not explicitly reference performance, security, reliability, or other quality attributes.",0.4
008. Artifact-based deployment.md,"('kconner', 'godspeed-you-blocked-developer')",Primarily Functional,"The ADR primarily discusses the implementation of concrete map operations within KEVM, focusing on supporting specific functionalities such as lookup, update, and concatenation. It emphasizes the immediate need for concrete semantics and defers symbolic operations, which are non-functional concerns. There is no explicit mention or implication of quality attributes like performance, reliability, security, or others.",0.55
2018-09-03-Owise-encoding.md,"('kframework', 'kore')",Primarily Functional,"The ADR primarily discusses a technical approach to handling logical terms involving 'not' in proofs and configuration leftovers. It focuses on implementation strategies and performance considerations rather than system qualities like performance, security, or usability.",0.8
0004-divide-the-system-into-4-modules.md,"('kgrzybek', 'modular-monolith-with-ddd')",Performance,"The ADR emphasizes performance benefits resulting from the architectural choice, specifically noting that the solution is 'simple, easy to understand' and that 'performance is better' due to direct database querying without additional abstraction layers. These points indicate a focus on system responsiveness and resource utilization, aligning with Performance Efficiency.",0.75
2018-07-06_control-server-api.md,"('kolide', 'launcher')",Maintainability,"The ADR discusses designing two distinct object graphs tailored for different use cases (code generation and serialization), which directly relates to system modifiability, clarity, and ease of future changes—core aspects of maintainability. It emphasizes explicit transformations and clear separation to facilitate easier updates and understanding of the system's structure.",0.7
dr-011-Jaeger_as_a_tracing_back-end.md,"('kyma-project', 'community')",Maintainability,"The ADR primarily discusses the architectural decomposition and separation of services, focusing on functional responsibilities and modularization. It does not explicitly reference or imply any non-functional quality attributes such as performance, security, or scalability, beyond the mention that security aspects are handled by Nginx-Ingress, which is a deployment detail rather than a system quality attribute.",0.2
dr-018-Knative_based_Kyma_eventing.md,"('kyma-project', 'community')",Usability,"The ADR primarily discusses the selection of a template generator tool based on usability, popularity, and technical considerations. It does not reference or imply any non-functional quality attributes such as performance, security, reliability, or scalability.",0.5
0003-use-cleveref.md,"('latextemplates', 'generator-latex-template')",Performance,"The ADR explicitly mentions that combining data and metadata was inefficient, indicating a concern with system performance and resource utilization. The decision to separate data and metadata aims to improve performance, especially in data loading and transformation processes.",0.85
0003-Sample-objects-implemented-as-domain-range-tuple.md,"('latis-data', 'latis3')",Maintainability,"The ADR focuses on designing an abstraction layer for the resident data source, emphasizing ease of future modifications, integration, and code clarity. It discusses architectural choices that impact how easily the system can be adapted or extended, which aligns with maintainability concerns.",0.7
ipc-between-wm-and-menu.md,"('lcarsde', 'lcarsde')",Maintainability,"The ADR discusses the use of arrays for schema mapping, defining data structures, and simplifying code management. This focus on data organization, code clarity, and ease of modification aligns closely with maintainability attributes, such as modularity and readability.",0.75
0004-use-arrays-for-mapping-schema.md,"('lcobucci', 'kafka')",Observability,"The ADR discusses implementing health-check endpoints, monitoring metrics, and measuring execution correctness and duration, all of which relate to system observability. It emphasizes monitoring system states and health, which are core aspects of observability.",0.8
005 Service readiness checks.md,"('ldynia', 'archcolider')",Security,"The ADR explicitly mentions concerns about security breaches of personal data when integrating third-party feedback systems, indicating a focus on protecting information and data security.",0.85
adr004-module-export-structure.md,"('liatrio', 'backstage-internal')",Maintainability,"The ADR emphasizes the benefits of MVVM architecture in terms of code decoupling, ease of navigation, and maintainability of the project, indicating a focus on how easily the system can be modified and maintained over time.",0.75
0004-mvvm-for-android-development.md,"('linagora', 'linshare-mobile-android-app')",Reliability,"The ADR emphasizes managing download tasks, querying status, handling errors, and automatic retries, which are all aspects related to the system's ability to perform reliably under various conditions, including fault tolerance and recoverability.",0.7
0004-upgrade-file-picker-library-version.md,"('linagora', 'linshare-mobile-flutter-app')",Usability,"The ADR emphasizes enabling offline access to files, which directly impacts user experience by allowing users to preview and interact with files without network connectivity. This focus on user interaction and convenience aligns with the usability attribute.",0.5
0004-project-license-scheme.md,"('llowder', 'pupperware-party')",Performance,"The ADR discusses the choice of deployment and build tools (AWS CodePipeline and CodeBuild) and their implications on automation, environment creation, and resource management. These considerations relate to how efficiently the system can perform build and deployment tasks, resource utilization, and automation efficiency, which are aspects of performance efficiency.",0.75
0003-start-with-aws-codepipeline-and-codebuild.md,"('lorenzo-deepcode', 'buildit-all')",Security,"The ADR explicitly references security considerations, including token validation, security implications, and alternative security solutions. The decision revolves around how tokens are used and validated, which directly pertains to security attributes.",0.9
0007-azure-pipeline-security-model.md,"('marain-dotnet', 'Marain.Instance')",Primarily Functional,"The ADR primarily discusses architectural structure, repository organization, and directory layout decisions, with no explicit or implied references to non-functional quality attributes such as performance, security, reliability, or usability. It focuses on structural and organizational concerns rather than system qualities.",0.45
2018121201-stop-using-registers-in-processor.md,"('michelezamuner', 'smjs')",Maintainability,"The ADR primarily discusses simplifying and clarifying the data handling architecture, focusing on reducing complexity and making the system easier to modify and extend. It emphasizes modularity and independence of components, which are key aspects of maintainability.",0.7
017-Variable-Naming.md,"('ministryofjustice', 'cloud-platform')",Security,"The ADR discusses multiple security-related decisions, including the use of OIDC with Auth0, IAM Roles for Service Accounts (IRSA), network policy enforcement with Calico, control plane logging, node access via Systems Manager, and PSP management. These all pertain to protecting the system's data, access controls, and operational security, indicating a primary focus on security attributes.",0.75
024-SSO-for-CP-Team-to-access-AWS.md,"('ministryofjustice', 'cloud-platform')",Performance,"The ADR discusses issues related to CPU resource limits and requests, specifically focusing on how these settings impact system responsiveness and throughput under load. The goal is to improve performance during high load conditions by adjusting resource limits, which directly relates to performance efficiency.",0.85
0010-decoupling-pact-tests-from-test-data.md,"('ministryofjustice', 'court-case-service')",Primarily Functional,"The ADR primarily discusses reducing email notifications to improve workflow and reduce noise, focusing on functional aspects of email communication rather than non-functional quality attributes. There is no explicit or implied mention of performance, security, reliability, scalability, usability, portability, compatibility, observability, or testability.",0.55
0010-testing-the-editor-pipeline.md,"('ministryofjustice', 'form-builder')",Reliability,"The ADR emphasizes ensuring system consistency and the ability to recover from failures, prioritizing data integrity and workflow correctness over availability. The decision to block workflows on errors and the focus on retry mechanisms directly relate to system reliability attributes such as fault tolerance and recoverability.",0.8
0003-use-git-commits-to-explain-our-work.md,"('ministryofjustice', 'hmpps-interventions-docs')",Maintainability,"The ADR focuses on enforcing code consistency and catching errors automatically through linting, which directly relates to improving the ease and efficiency of maintaining the codebase. It emphasizes standards, consistency, and automated checks that facilitate ongoing modifications and readability.",0.75
0012-use-feature-flags-for-in-progress-features.md,"('ministryofjustice', 'hmpps-interventions-ui')",Security,"The ADR mentions the need to 'ensure we don't leak secrets within a publicly available CI/CD platform,' which directly relates to security concerns such as confidentiality and access control. While other aspects like infrastructure and collaboration are discussed, the explicit concern about secret leakage indicates a focus on security attributes.",0.75
0004-use-bash-node-python-as-core-languages.md,"('ministryofjustice', 'modernisation-platform')",Security,"The ADR focuses on securely storing secrets, which directly relates to protecting sensitive information and controlling access, core aspects of security. The decision to use Secrets Manager emphasizes confidentiality, secret rotation, and access management, all of which are security concerns.",0.85
0004-separate-api-and-user-facing-applications.md,"('ministryofjustice', 'offender-management-architecture-decisions')",Security,"The ADR primarily discusses tooling choices for CI/CD processes without explicit reference to non-functional quality attributes such as performance, security, reliability, or scalability. It focuses on operational aspects like build and deployment workflows rather than system qualities.",0.2
0017-database-migrations.md,"('ministryofjustice', 'offender-management-architecture-decisions')",Primarily Functional,"The ADR primarily discusses the selection and implementation of an API specification based on existing standards (JSON:API) and does not reference any non-functional quality attributes such as performance, security, or scalability. It focuses on functional aspects like API design, compliance, and documentation, with no explicit or implied considerations of system qualities.",0.95
0004-content-negotiation.md,"('ministryofjustice', 'opg-data')",Primarily Functional,"The ADR primarily describes a naming pattern and URL structure for APIs, focusing on organizational and structural aspects rather than non-functional quality attributes. There is no explicit or implied reference to performance, security, reliability, or other quality attributes.",1.0
0008-flask-site-security.md,"('ministryofjustice', 'opg-lpa')",Scalability,"The ADR emphasizes Terraform's scalability as a core benefit, highlighting its ability to handle infrastructure management at scale through versioning, monitoring, and integration with CI/CD pipelines. While other attributes are mentioned, scalability is the most directly referenced quality attribute.",0.4
0003-github-source-control.md,"('ministryofjustice', 'opg-modernising-lpa-docs')",Security,"The ADR discusses the use of AWS KMS for managing encryption keys, which directly relates to protecting data confidentiality and integrity. The focus on encryption key management is a security concern, as it involves safeguarding sensitive information and controlling access to cryptographic keys.",0.85
0018-session-lifetime-and-session-based-cookies.md,"('ministryofjustice', 'opg-use-an-lpa')",Primarily Functional,"The ADR primarily discusses the choice of storage technology (AWS S3) for digital objects without referencing any non-functional quality attributes such as performance, security, or scalability. It focuses on a functional aspect—storage—without explicit or implied considerations of system qualities.",0.55
0003-run-kubernetes-locally.md,"('mlibrary', 'nebula')",Performance,The ADR discusses load balancing and the configuration of HAProxy servers to efficiently distribute network requests to Kubernetes worker nodes. This focus on optimizing request handling and resource utilization aligns with performance efficiency attributes.,0.85
0004-build-client-in-R.md,"('molgenis', 'molgenis-r-armadillo')",Compatibility,"The ADR primarily describes a functional capability—implementing an endpoint for uploading and loading RData files—without explicit reference to non-functional quality attributes such as performance, security, or scalability. It focuses on what the system should do rather than how well it should perform or other quality aspects.",0.2
0006-use-rdata-format-as-data-input.md,"('molgenis', 'molgenis-service-armadillo')",Reliability,"The ADR primarily addresses handling database corruption, which directly impacts the system's ability to perform its functions reliably. It discusses error detection, error handling, and recovery strategies, all of which are core aspects of reliability.",0.85
0002-database-corruption.md,"('mozilla', 'application-services')",Performance,"The ADR discusses data fetching strategies and visualization methods, emphasizing the efficiency of data retrieval and rendering performance, such as minimizing new state, avoiding unnecessary data storage, and ensuring quick response times. These considerations align closely with performance efficiency attributes.",0.75
0003-analysis-visualization-architecture-approach.md,"('mozilla', 'experimenter')",Performance,"The ADR explicitly discusses improving performance as a key driver, including reducing overhead, optimizing response times, and enhancing user experience by choosing options that lead to better performance (e.g., adopting HTMX for faster page loads and reduced network overhead). Although other quality attributes are touched upon, performance efficiency is the central concern driving the decision.",0.85
0010-transition-fxa-from-backbone-to-react.md,"('mozilla', 'fxa')",Primarily Functional,"The ADR primarily discusses choices related to CSS styling techniques and their integration, focusing on implementation details rather than explicit or implied non-functional quality attributes. It does not reference performance, reliability, security, maintainability, scalability, usability, portability, compatibility, observability, or testability directly or indirectly.",0.45
0017-switch-settings-auth-to-sessiontoken.md,"('mozilla', 'fxa')",Security,"The ADR primarily addresses concerns related to authentication mechanisms, specifically evaluating the security implications of deprecating Hawk in favor of using session tokens over TLS. The decision is driven by security considerations, such as protecting personal information and mitigating risks associated with token exposure.",0.85
0021-use-internjs-testing.md,"('mozilla', 'fxa')",Primarily Functional,"The ADR primarily discusses a data storage solution and associated UI/access management considerations, but does not explicitly or implicitly reference any specific quality attributes such as performance, security, reliability, or others. The focus is on choosing a technology to overcome storage limits and facilitate data management, which pertains to functional requirements.",0.55
0003-use-eks-cluster-as-default-container-platform.md,"('mozilla', 'sre-adrs')",Performance,"The ADR discusses implementing a simple serialization scheme to facilitate data passing across the FFI boundary, prioritizing safety and simplicity over performance. While the main focus is on safety and simplicity, the serialization approach directly impacts how efficiently data is transferred and processed, which relates to performance efficiency. The decision explicitly mentions that this approach has non-trivial performance costs, indicating an awareness of performance implications, thus aligning with the Performance Efficiency category.",0.7
0006-wrapping-types.md,"('mozilla', 'uniffi-rs')",Portability,"The ADR discusses the design of network infrastructure components (public and private subnets) within a VPC, focusing on how these components are organized and provisioned across different availability zones. This relates to the system's ability to be deployed and transferred across different environments or cloud regions, which aligns with portability considerations.",0.3
0004-prometheus-and-alertmanager-monitoring-and-alerting.md,"('mozmeao', 'infra')",Maintainability,"The ADR primarily discusses architectural changes aimed at improving the system's maintainability, such as moving templates and images into dedicated Django models to facilitate validation, reduce duplication, and improve the admin UI. These modifications are focused on making the system easier to modify, extend, and maintain over time.",0.7
0005-frequency-capping.md,"('mozmeao', 'snippets-service')",Primarily Functional,"The ADR primarily discusses the structural design of the API and CRD configuration, focusing on how components interact and are configured rather than specifying performance, security, or other quality attributes. There is no explicit or implied mention of non-functional requirements; it centers on functional aspects like resource management and operational procedures.",0.45
0004-only-for-aiven.md,"('nais', 'kafkarator')",Performance,"The ADR emphasizes operational aspects such as deployment, integration, security, and management features that impact the system's efficiency and performance in deployment and runtime. The focus on supporting CD, reducing downtime, and integration with security and data services suggests an underlying concern with how effectively the system performs and utilizes resources during operation.",0.65
Messaging choice.md,"('namitms', 'FindMeFoodTrucks')",Security,"The ADR primarily discusses authentication mechanisms, identity management, and security considerations related to user access and machine client authentication, which are core aspects of security as a quality attribute.",0.8
0018-govkuk-notify-staging-configuration.md,"('nationalarchives', 'tdr-dev-documentation')",Primarily Functional,"The ADR primarily discusses a URL scheme change to support different transfer types, focusing on functional aspects like URL structure and accessibility. It does not reference any non-functional quality attributes such as performance, security, or scalability.",0.9
0021-service-unavailable-page.md,"('nationalarchives', 'tdr-dev-documentation')",Primarily Functional,"The ADR primarily addresses the functional behavior of hostname resolution and connection ordering, focusing on how the client library performs host resolution and connection attempts. It does not specify or imply any non-functional quality attributes such as performance, security, or scalability.",0.55
ADR-12.md,"('nats-io', 'nats-architecture-and-design')",Security,"The ADR discusses configuring connection options related to security aspects such as OCSP checking, TLS verification, and server TLS cert pinning, which are directly related to system security attributes.",0.85
0005-use-the-fastapi-web-framework.md,"('navikt', 'nada-kafkarator')",Compatibility,"The ADR primarily discusses the choice of automation tools for server provisioning, focusing on functional aspects such as tool compatibility and process automation. It does not explicitly reference or imply any non-functional quality attributes like performance, security, or scalability.",0.5
0005-avoiding-test-doubles.md,"('ngarbezza', 'testy')",Maintainability,"The ADR primarily discusses architectural decisions related to data sharing and database usage without referencing any non-functional quality attributes such as performance, security, or scalability. It focuses on the structural and functional aspects of database sharing within the system, indicating a functional concern.",0.2
009-proxy_limiting.md,"('nhsd-exeter', 'dos-capacity-status-api')",Security,"The ADR explicitly discusses implementing basic authentication to restrict access to environments, which directly relates to security concerns such as access control and protection against unauthorized access.",0.8
0013-remove-google-sitelinks-searchbox-metadata.md,"('nhsuk', 'connecting-to-services')",Security,"The ADR explicitly discusses implementing basic authentication to restrict access to environments, which directly relates to security concerns such as access control, confidentiality, and protecting resources from unauthorized access.",0.85
0004-use-elasticsearch-for-search.md,"('nhsuk', 'gp-finder')",Primarily Functional,"The ADR primarily discusses a functional decision to store and display contact information locally for specific CCGs due to missing identifiers. It does not reference any non-functional quality attributes such as performance, security, reliability, or others. The focus is on a functional workaround rather than system qualities.",0.4
0008-do-not-use-local-data-for-ccgs.md,"('nhsuk', 'mental-health-service-finder')",Testability,"The ADR primarily discusses the selection and use of a templating system (Handlebars) for building prototypes, focusing on functional aspects such as markup rendering and logic encoding. It does not explicitly reference or imply any non-functional quality attributes like performance, security, or scalability.",0.25
0003-use-npm-scripts-and-gulp-for-running-tasks.md,"('nhsuk', 'nhsuk-prototype-kit-version-one')",Maintainability,"The ADR focuses on implementing pre-commit hooks to enforce code quality standards, which directly relates to the ease of maintaining and modifying the codebase. It emphasizes automating quality checks to improve ongoing code management, rather than performance, security, or scalability concerns.",0.75
002-code_formatter.md,"('nicfix', 'py-ddd-cqrs-microservice-boilerplate')",Primarily Functional,"The ADR primarily discusses a documentation formatting decision—using absolute paths for images in README files—without referencing any non-functional quality attributes such as performance, security, reliability, or others. It focuses solely on a functional aspect related to documentation practices.",1.0
0010-integration-tests.md,"('nicoespeon', 'abracadabra')",Portability,"The ADR primarily discusses packaging and distribution strategies, focusing on how the software will be delivered and installed rather than on system qualities like performance, security, or usability. It does not reference or imply any non-functional quality attributes.",0.7
0009-help-scripts.md,"('npryce', 'adr-tools')",Testability,"The ADR primarily discusses a structural change to how data (shards) are labeled and identified, specifically adding an event type to filenames. It focuses on the functional aspect of data organization and parsing, with no explicit or implied reference to non-functional quality attributes such as performance, security, or usability.",0.25
0004-store-shards-in-time-stamped-directories-and-files.md,"('npryce', 'pottery')",Maintainability,"The ADR emphasizes ease of iteration and minimal interference from the framework, which relates to how easily the system can be modified and maintained. Tailwind's utility-first approach aims to streamline styling workflows, impacting the maintainability of the codebase.",0.7
0017-preservation-strategy.md,"('nulib', 'meadow')",Primarily Functional,"The ADR primarily describes a routing and storage strategy for IIIF manifests, focusing on how requests are handled and where data is stored. It does not explicitly mention or imply any non-functional quality attributes such as performance, security, or reliability. The decision centers on functional aspects like data placement and request routing, which are operational rather than quality attributes.",0.55
0003-consensus-runtime-token-transfer.md,"('oasisprotocol', 'oasis-core')",Primarily Functional,"The ADR primarily describes a standard process for generating account keys using well-established cryptographic standards (BIP-0039, SLIP-0010, BIP-0044). It does not explicitly or implicitly reference any non-functional quality attributes such as performance, reliability, security, maintainability, scalability, usability, portability, compatibility, observability, or testability. The focus is on interoperability and standardization rather than system qualities.",1.0
0004-runbooks-and-checklists.md,"('ockam-network', 'ockam')",Portability,"The decision to switch from a relational database (Postgres) to MongoDB emphasizes considerations related to environment transferability and adaptability. The ADR discusses the need to evaluate data storage solutions based on their suitability for different environments, which aligns with portability attributes such as environment neutrality and ease of migration.",0.4
0016-documentation-structure.md,"('open-voice-network', 'docs')",Primarily Functional,"The ADR primarily discusses the selection and characteristics of Kafka as a messaging middleware, focusing on its suitability, semantics, and operational considerations. It does not explicitly reference or imply any non-functional quality attributes such as performance, security, reliability, or others. The decision is centered on functional aspects like messaging patterns and system compatibility rather than quality attributes.",0.35
0021-kafka-as-messaging-middleware.md,"('open-voice-network', 'docs')",Primarily Functional,"The ADR primarily discusses the implementation of a simple component that invokes user-defined functions to perform routing, transformation, and management tasks without explicit reference to non-functional quality attributes. The focus is on functional behavior aligned with enterprise integration patterns, and no specific quality attributes such as performance, security, or reliability are mentioned or implied.",0.55
0004-ressource-level-lifetime.md,"('openkfw', 'TruBudget')",Primarily Functional,"The ADR primarily describes system setup, node management, and security procedures related to network and key management, without explicit reference to system performance, reliability, security (beyond key encryption), or other quality attributes. While security is implicitly involved in key encryption, the ADR does not explicitly address security as a quality attribute but rather as a mechanism for confidentiality. Therefore, the main concern is functional: how the system manages nodes, organizations, and keys.",0.8
0012-use-postgresql.md,"('openlobby', 'openlobby-server')",Maintainability,"The ADR primarily discusses the design and implementation of a styleguide, focusing on UI consistency, usability, and developer convenience. It emphasizes visual and interaction standards rather than system qualities like performance, security, or reliability.",0.4
0005-migrating-from-jsps-gsps.md,"('openmrs', 'openmrs-rfc-frontend')",Maintainability,"The ADR emphasizes the importance of making configuration management, validation, documentation, and enforcement easier and more systematic, which directly relates to the maintainability of the system. It discusses standardizing configuration schemas, validation, documentation generation, and hierarchical management, all of which improve the ease of modifying and maintaining configuration aspects of the system.",0.75
adr-003-not-using-xjson-server-as-database.md,"('openregister', 'openregister-java')",Performance,"The ADR discusses implementing a deterministic ordering for pagination, which directly impacts the system's response time and resource utilization during data retrieval. The focus on ordering and query efficiency suggests an emphasis on performance aspects.",0.75
adr0008.md,"('opensmarthouse', 'opensmarthouse-core')",Maintainability,"The ADR discusses structuring repository overlays and patches to support multiple environments, which impacts how easily the system can be modified, extended, and maintained over time. The focus is on organizing configuration files and deployment structures to facilitate easier updates and management, aligning with maintainability concerns.",0.75
0004-argocd-apps-of-apps-structure.md,"('operate-first', 'blueprint')",Performance,"The ADR emphasizes declarative deployment, resource management, and environment-specific overlays, which are primarily concerned with how efficiently resources are deployed and managed within the cluster. While it touches on security and maintainability, the core focus is on the deployment process's efficiency and resource utilization, aligning most closely with Performance Efficiency.",0.65
0003-use-cassandra-as-storage-backend.md,"('orevial', 'adr-demo')",Security,"The ADR discusses mechanisms to prevent version rollback attacks, which involve verifying the authenticity and integrity of client profile information, signatures, and public keys. These are security concerns related to data integrity, authenticity, and protection against man-in-the-middle attacks.",0.8
003-client-profile.md,"('otrv4', 'otrv4')",Security,"The ADR primarily discusses the implementation of a deniable authenticated key exchange protocol, which is a security feature aimed at protecting user privacy and ensuring secure communication. The focus on deniability, cryptographic protocols, and security properties indicates that the ADR's main concern is security.",0.85
0013-use-jenkins-for-secrets-management.md,"('pace-neutrons', 'Horace')",Performance,"The ADR primarily discusses the implementation of a paged data structure to handle large datasets efficiently, balancing in-memory and on-disk operations. The focus on optimizing performance through paging, automatic switching, and algorithm support indicates that performance efficiency is the central quality attribute being addressed.",0.85
0018-algorithm-migration-to-paged-files.md,"('pace-neutrons', 'Horace')",Primarily Functional,"The ADR primarily discusses establishing a standardized format for error identifiers in MATLAB, focusing on the structure and naming conventions rather than non-functional quality attributes. It does not explicitly reference or imply attributes like performance, security, reliability, or others.",0.45
0004-pace-documentation-link-to-projects.md,"('pace-neutrons', 'pace-developers')",Compatibility,"The ADR primarily discusses the integration and interface design of a computational library (brille) within other software projects. It focuses on how components interact and are embedded, which pertains to functional aspects of system design rather than non-functional quality attributes.",0.35
0017-transactions3.md,"('palantir', 'atlasdb')",Maintainability,"The ADR emphasizes choosing Clojure over other languages due to developer friendliness, community support, and library simplicity, all of which relate to the ease of modifying and maintaining the system. The focus on re-implementing existing functionality and ensuring smooth transition indicates a concern with maintainability aspects.",0.7
adr-004-ansible.md,"('pariyatti', 'kosa-rails')",Portability,"The ADR emphasizes portability as a key concern, highlighting the need for the testing platform to be portable across hosting environments and platform-agnostic infrastructure management. The decision to use testcontainers is driven by the goal of maintaining portability of the test environment.",0.5
0012-use-external-search-service.md,"('patshone-manifesto', 'hee-web-blueprint')",Maintainability,"The ADR focuses on simplifying and managing the complexity of infrastructure templates, emphasizing ease of editing and reading, which aligns with maintainability. It discusses consolidating templates to reduce complexity and improve manageability.",0.75
0004-event-contracts.md,"('pauldambra', 'visit-plannr')",Primarily Functional,"The ADR primarily discusses the selection and integration of a third-party library for authentication protocols without referencing any non-functional quality attributes such as performance, security, or scalability. It focuses on functional aspects like supporting specific protocols and ease of integration.",0.45
0008-use-ecmascript-modules.md,"('perforce', 'helix-authentication-service')",Primarily Functional,"The ADR primarily addresses a data validation and storage policy for a date field, focusing on how data is entered and validated at the UI and API levels. It does not specify or imply any non-functional quality attributes such as performance, security, reliability, or scalability. The decision is about data handling procedures rather than system qualities.",1.0
0009-acl-actor-permissions.md,"('psu-libraries', 'scholarsphere')",Compatibility,"The ADR primarily discusses terminology changes and UI terminology consistency without referencing any non-functional quality attributes such as performance, security, reliability, or usability. It focuses on functional aspects like naming conventions and UI labels.",0.4
0004-index-from-iiif-manifests.md,"('pulibrary', 'dpul')",Performance,"The ADR discusses prioritization and scheduling of background jobs, which directly impacts system responsiveness and throughput. The mention of delays and processing queues implies considerations related to system performance and resource utilization.",0.75
0009-unlinked-files.md,"('pulibrary', 'figgy')",Primarily Functional,"The ADR primarily discusses operational procedures related to configuration set management and deployment strategies. It does not reference or imply any non-functional quality attributes such as performance, security, reliability, or usability. The focus is on process and version control, which are functional concerns.",1.0
0003-remove-memory-tuning.md,"('pulibrary', 'pul_solr')",Primarily Functional,"The ADR focuses solely on configuring line endings in version control and IDE settings to ensure cross-platform compatibility. It does not reference any non-functional quality attributes such as performance, security, reliability, or usability.",1.0
0002-configure-line-endings-in-gitattributes.md,"('qbit86', 'arborescence')",Security,"The ADR primarily discusses user authentication, authorization, token management, and related security considerations, indicating a focus on security as the key quality attribute.",0.85
adr-0014-api-documentation-revisited.md,"('raster-foundry', 'raster-foundry')",Performance,"The ADR discusses issues related to the scheduler's performance, such as lock-ups, high CPU consumption, and log verbosity, indicating a focus on system responsiveness and resource utilization. The decision to replace components with AWS Batch, which manages job execution and reporting, further emphasizes performance considerations.",0.75
adr-0021-lab-workspaces.md,"('raster-foundry', 'raster-foundry')",Performance,"The ADR discusses strategies for tracking and aggregating metrics, which directly relate to system performance monitoring and optimization. The focus on metrics collection, scheduling, and querying indicates an emphasis on system performance and resource utilization.",0.85
0008-keep-styles-with-components.md,"('reactioncommerce', 'reaction-component-library')",Maintainability,"The ADR primarily describes the logic and process for barcode lookup and association, which are functional behaviors related to how the system retrieves and manages data. There is no explicit mention or implication of non-functional quality attributes such as performance, security, or scalability.",0.2
0005-extract-all-partner-operations-into-a-separate-application-intended-for-partners.md,"('rubyforgood', 'human-essentials')",Usability,"The ADR primarily discusses the selection of a deployment tool based on usability, availability, and ease of use, without explicit or implied references to non-functional quality attributes such as performance, security, or scalability.",0.4
0004-argocd-as-deployment-agent.md,"('sa-mw-dach', 'manuela')",Maintainability,"The ADR discusses creating a scaffold that is easy to install, actively maintained, and straightforward to use out-of-the-box, emphasizing qualities related to ease of modification, updates, and support. These aspects align closely with maintainability, which concerns how effectively the system can be modified and sustained over time.",0.75
0003-create-two-observation-comparators.md,"('savioalphonso', 'exercise3-group-6')",Usability,"The ADR emphasizes the importance of documentation to facilitate quick understanding and effective use of components by users, which directly relates to usability attributes such as accessibility, user experience, and clarity of information.",0.6
0004-add-readme-for-each-component-for-documentation.md,"('scheduleonce', 'once-ui')",Maintainability,"The ADR emphasizes operational overheads, patching, testing, automation, and minimal customizations, all of which relate to how easily the system can be maintained and modified over time.",0.6
Automation.md,"('serverlessmike', 'terraform')",Testability,"The ADR primarily discusses a functional change—shifting from CSV storage to database storage—without explicit references to non-functional quality attributes such as performance, security, or scalability. It focuses on the implementation of a feature (data storage) rather than system qualities.",0.25
2020-08-03-Implement-New-Changelog.md,"('shopware', 'platform')",Primarily Functional,"The ADR primarily describes a process for customer registration and customer group assignment, focusing on functional aspects of the system's behavior rather than non-functional quality attributes. It details workflows, data handling, and user interactions without explicit references to performance, security, or other quality attributes.",0.45
2021-09-06-make-core-mail-templates-independent-from-storefront-urls.md,"('shopware', 'platform')",Maintainability,"The ADR emphasizes the use of scripting environments, sandboxing, API control, and extensive documentation to facilitate ongoing development, modification, and extension of the scripting features. These aspects directly relate to maintainability, as they aim to make the system easier to modify, understand, and evolve over time.",0.8
2021-10-21-app-scripting.md,"('shopware', 'platform')",Primarily Functional,"The ADR primarily describes the architecture of screen controllers and data flow, focusing on functional aspects such as event handling, data transformation, and UI updates. It does not explicitly reference or imply any non-functional quality attributes like performance, security, reliability, or others.",0.85
003-weak-references-between-sql-tables.md,"('simpledotorg', 'simple-android')",Performance,"The ADR discusses architectural goals such as testability, explicit UI state management, and restrictions on reactive frameworks like RxJava, which are aimed at improving the system's responsiveness, maintainability, and resource utilization. These considerations are closely aligned with performance efficiency, as they influence how efficiently the system performs its functions and manages resources.",0.65
004-reporting.md,"('simpledotorg', 'simple-server')",Maintainability,"The ADR primarily addresses functional aspects related to user models and authentication mechanisms without explicit reference to non-functional quality attributes such as performance, security, or scalability. It focuses on the structural change of user models and authentication methods, which are functional concerns.",0.3
016-reporting-schema.md,"('simpledotorg', 'simple-server')",Security,"The ADR emphasizes the importance of keeping the GitHub API token secret, highlighting concerns related to access control, confidentiality, and preventing unauthorized access. These are core aspects of security, specifically focusing on secret management and access restrictions.",0.85
8-Remove_ADR_Util_Sync_Module.md,"('slior', 'adrflow')",Primarily Functional,"The ADR primarily discusses architectural style (hexagonal architecture) and communication patterns (commands and events) without explicit reference to non-functional quality attributes such as performance, security, or scalability. It focuses on structural design decisions rather than quality attributes.",0.95
ADR-7_wsgi-server.md,"('sse-secure-systems', 'connaisseur')",Performance,"The ADR emphasizes scalability and the ability to handle increased user load by enabling peer discovery protocols, which directly relates to system performance and resource utilization. The mention of capacity (e.g., 5000+ DAU) and the concern about CPU/Network usage further supports this focus on performance efficiency.",0.85
0003-geth-node.md,"('status-im', 'status-react')",Testability,"The ADR discusses a development methodology involving feature toggles, testing, and code review processes aimed at improving the ease of modifying and integrating code, which aligns with maintainability. It emphasizes improving test suites, code review, and incremental development, all of which are aspects of maintainability.",0.8
0002-extract-only-useful-technical-metadata.md,"('sul-dlss-labs', 'infrastructure-adrs')",Primarily Functional,"The ADR primarily discusses a change in system architecture (from registry to repository) without explicit mention or implication of non-functional quality attributes such as performance, security, or scalability. The focus appears to be on structural or organizational aspects rather than quality attributes.",0.45
securityhub.md,"('superwerker', 'superwerker')",Maintainability,"The ADR emphasizes explicit declaration and configurability of handler registration, which relates to system modifiability, clarity, and ease of future adjustments—key aspects of maintainability. It discusses how to structure handler registration to facilitate predictable behavior and future changes, aligning with maintainability concerns.",0.75
003-katafication.md,"('tddbin', 'katas')",Performance,"The ADR emphasizes the performance aspect of matching and filtering transactions efficiently, especially considering the potential for many queries and subscribers, which directly relates to system performance and resource utilization.",0.75
0002-pre-1-0-deprecation-strategy.md,"('theupdateframework', 'python-tuf')",Maintainability,"The ADR discusses how to handle unrecognized fields in metadata files, emphasizing flexibility, backward compatibility, and avoiding unnecessary modifications. This relates to the system's ability to be easily modified and extended without introducing errors or breaking existing functionality, which aligns with maintainability principles.",0.6
20210113-distribute-log4brains-as-a-global-npm-package.md,"('thomvaill', 'log4brains')",Compatibility,"The ADR primarily discusses a decision related to decommissioning a GitHub App to reduce maintenance costs and infrastructure redundancy. It focuses on functional aspects such as system integration and operational cost, without explicit or implied references to non-functional quality attributes like performance, security, or scalability.",0.4
0002-allow-dynamic-loading-of-yetibot-plugins-via-config.md,"('thoth-station', 'core')",Maintainability,"The ADR primarily discusses the selection of an ORM tool based on functional criteria such as maturity, ease of use, and handling data model changes. It does not explicitly or implicitly reference any non-functional quality attributes like performance, security, or scalability.",0.4
0027-pdf-generation.md,"('transcom', 'mymove')",Security,"The ADR focuses on implementing CSRF protection, which is a security measure aimed at safeguarding the application against a specific type of attack. The decision revolves around security mechanisms, such as secure cookies, tokens, and headers, all of which are characteristic of security attributes.",0.95
0036-go-integration.md,"('transcom', 'mymove')",Usability,"The ADR primarily discusses a functional decision—selecting a form library based on features, usability, and integration—without explicit reference to non-functional quality attributes such as performance, security, or scalability.",0.4
0038-soft-delete.md,"('transcom', 'mymove')",Performance,"The ADR primarily addresses the handling and conversion of time values, which directly impacts the system's performance in processing date and timestamp comparisons efficiently. The focus on consistent conversion rules and minimizing complexity suggests an emphasis on operational efficiency.",0.75
0040-role-base-authorization.md,"('transcom', 'mymove')",Primarily Functional,"The ADR primarily discusses API path structuring and relationship clarity, focusing on functional aspects such as endpoint design and validation rather than non-functional quality attributes. Although it touches on validation and security considerations, these are secondary to the core functional decision about URL structure.",0.95
0044-params-styling.md,"('transcom', 'mymove')",Maintainability,"The ADR primarily discusses a functional aspect—building or modifying a document viewer component—without explicit references to non-functional quality attributes such as performance, security, reliability, or usability. Although user experience and accessibility are mentioned, these are considered functional or user interface concerns rather than formal quality attributes.",0.2
0059-use-snapshot-to-cleanup-loadtesting.md,"('transcom', 'mymove')",Maintainability,"The ADR primarily addresses how to modify service method signatures to improve code clarity, extensibility, and support for instrumentation and logging, which are aspects related to the maintainability of the system.",0.75
0070-cypress-tests-file-layout.md,"('transcom', 'mymove')",Testability,"The ADR primarily discusses a code change related to removing or replacing a CLI spinner to address thread safety issues. It does not reference any non-functional quality attributes such as performance, security, reliability, or usability. The focus is on functional correctness and code maintainability rather than system qualities.",0.45
0080-api-versioning-based-on-test-run.md,"('transcom', 'mymove')",Maintainability,"The ADR focuses on improving code organization and reducing coupling between data transfer objects (DTOs) and UI models, which directly relates to the maintainability attribute. It aims to make the codebase cleaner and easier to modify, update, and understand.",0.75
0007-schedule-internal-data-structure.md,"('trestini', 'delayer-aws')",Performance,"The ADR discusses the use of events as a communication mechanism, which implies considerations related to asynchronous messaging, latency, and system responsiveness. These aspects are closely tied to performance efficiency, particularly in terms of message handling latency and throughput. Although not explicitly stated, the choice of event-driven communication often impacts system responsiveness and resource utilization.",0.65
0011-develop-main-frontend-shopping-as-a-separate-ssr-app.md,"('tsobe', 'lobiani')",Security,"The ADR discusses the use of Auth0 for authentication, which directly relates to security concerns such as user authentication, access control, and data protection. Ensuring secure authentication mechanisms is a core security attribute.",0.7
0004-templates-over-js-framework-md.md,"('uktrade', 'trade-access-program')",Primarily Functional,"The ADR primarily discusses the choice of programming language based on developer experience, simplicity, and support considerations. It does not reference or imply any non-functional quality attributes such as performance, security, reliability, or scalability. The focus is on functional aspects related to language suitability rather than system qualities.",0.95
0003-python-tooling.md,"('umd-lib', 'caia')",Primarily Functional,"The ADR primarily discusses a change in functional behavior—specifically, removing the tracking and resubmission of denied entries—without reference to non-functional quality attributes such as performance, security, or reliability.",0.55
0008-rdf-sparql-support.md,"('upenn-libraries', 'sdbmss')",Primarily Functional,"The ADR primarily discusses the choice of a documentation standard (OpenAPI) to facilitate human and machine-readable API documentation and automatic client generation. It does not reference any non-functional quality attributes such as performance, security, reliability, or usability. The focus is on functional aspects—standardized documentation and automation—without explicit or implied quality attribute considerations.",1.0
0003-create-cloud-native-solutions.md,"('vwt-digital', 'operational-data-hub')",Primarily Functional,"The ADR primarily discusses naming conventions for OAuth scopes, focusing on standardization and clarity in permission naming. It does not reference any non-functional quality attributes such as performance, security, reliability, or others. The decision is about a naming standard, which pertains to functional aspects of the system's API design.",1.0
0015-automatic-backup-of-each-data-component.md,"('vwt-digital', 'operational-data-hub')",Primarily Functional,"The ADR primarily discusses the format of messages (JSON) used in the pub/sub system, focusing on standardization and message handling. It does not explicitly or implicitly reference any non-functional quality attributes such as performance, security, reliability, or others. The decision is about data format and message schema, which are functional concerns.",0.45
0019-single-schema-per-topic.md,"('vwt-digital', 'operational-data-hub')",Primarily Functional,"The ADR focuses on organizational and structural decisions related to domain modeling and terminology, with no explicit or implied references to system quality attributes such as performance, security, reliability, or usability. It discusses how to structure the domain model based on organizational units, which pertains to functional organization rather than non-functional quality attributes.",1.0
0032-oauth2-for-authentication.md,"('vwt-digital', 'operational-data-hub')",Security,"The ADR explicitly discusses protecting secrets, managing access, and ensuring secure handling of sensitive information, which directly relates to security attributes such as confidentiality and access control.",0.9
0037-secrets-are-stored-in-gcp-secret-manager.md,"('vwt-digital', 'operational-data-hub')",Maintainability,"The ADR emphasizes designing and documenting APIs as 'first-class citizens,' which directly relates to the ease of modifying, maintaining, and evolving the API specifications over time. The focus on establishing a contract, consistent design, and stakeholder collaboration aligns with maintainability attributes, such as clarity, modularity, and ease of updates.",0.6
0046-javascript-framework.md,"('vwt-digital', 'operational-data-hub')",Maintainability,"The ADR emphasizes defining a standardized, machine-readable metadata format for data catalogs, which directly relates to the ease of modifying, maintaining, and managing the metadata schema and documentation. The focus on formal specification, automation, and management of metadata aligns with maintainability attributes.",0.6
0002-logging-approach.md,"('wellcomecollection', 'identity')",Maintainability,"The ADR discusses improving the development workflow, dependency management, and build processes, which are aspects related to how easily the system can be maintained and modified over time.",0.7
0017-release-notes-content-topics.md,"('wikimedia', 'Wikibase')",Maintainability,"The ADR primarily discusses a structural and design decision regarding the creation of an interface for Property ID classes, focusing on code organization and type hinting rather than non-functional quality attributes like performance, security, or usability.",0.4
0020-wikibase-compatibility-with-mediawiki-master.md,"('wikimedia', 'Wikibase')",Performance,"The ADR primarily discusses optimizing the geoprocessing service for faster performance by replacing Spark with a Collections API, which directly impacts response times and throughput. The focus on performance improvements, speed gains, and efficiency enhancements indicates that Performance Efficiency is the main quality attribute addressed.",0.85
0010-replace-mustache-js-with-template-literals.md,"('wikimedia', 'mediawiki-extensions-Popups')",Maintainability,"The ADR discusses a design pattern change (visitor pattern) to improve the structure and modularity of the code, which directly impacts maintainability by simplifying the design and separating concerns.",0.75
018_Development_and_Deployment_of_Split_Repo.md,"('wmde', 'fundraising-application')",Maintainability,"The ADR emphasizes maintainability by choosing to build a custom API for better control, ensuring consistency, and ease of future modifications. It explicitly states that the API should be easy to maintain and follow design rules for consistency and clarity, which are core aspects of maintainability.",0.7
021_Single_or_Multi_Page_Application_Architecture.md,"('wmde', 'fundraising-application')",Maintainability,"The ADR primarily discusses the inclusion and management of release documentation, vendor dependencies, and cleanup of non-critical files in the release package. These decisions aim to improve the ease of maintenance, clarity, and consistency of the release process, which aligns with maintainability attributes. While there are implications for other quality attributes like security or performance, the core focus is on making the release artifacts easier to manage and update.",0.7
0004-wdqs-tarball-content.md,"('wmde', 'wikibase-release-pipeline')",Primarily Functional,"The ADR primarily discusses the process and policy regarding release notes for third-party software, focusing on operational and procedural aspects rather than system qualities. There is no explicit or implied reference to non-functional quality attributes such as performance, security, reliability, or usability.",1.0
client-repo-split.md,"('wmde', 'wikidata-wikibase-architecture')",Primarily Functional,"The ADR primarily discusses choosing an infrastructure-as-code tool (Terraform) based on decision drivers, options, and consequences, without explicit or implied references to non-functional quality attributes such as performance, security, or scalability.",0.45
008-manage-github-repos-with-terraform.md,"('xebia-france', 'xebikart-infra')",Primarily Functional,"The ADR focuses solely on the removal of specific HTML `meta` tags to prevent automatic page refreshes or redirects. It addresses a functional aspect related to document content and behavior, with no mention or implication of non-functional quality attributes such as performance, security, reliability, or usability.",1.0
0009-use-openreferal-api.md,"('zendesk', 'link_platform')",Maintainability,"The ADR discusses the use of Redux as a state management library, which primarily impacts how easily the system can be maintained, extended, and understood. Redux's role in managing application state relates to the system's modularity, reusability, and ease of updates, all core aspects of maintainability. Although performance or scalability could be tangentially affected, the main concern here is the manageability of state logic, making maintainability the most relevant category.",0.7
adr-03.md,"('zooniverse', 'front-end-monorepo')",Performance,"The ADR emphasizes performance issues encountered with existing charting libraries (Plot.ly and Victory), specifically noting slow performance with out-of-the-box features. The decision to implement the Light Curve Viewer using native D3 is driven by performance considerations, indicating that performance efficiency is a primary concern.",0.85
adr-04.md,"('zooniverse', 'front-end-monorepo')",Usability,"The ADR primarily concerns the user experience aspect of selecting appropriate viewers for subjects, which directly impacts how effectively users can interpret and interact with the data. It discusses configuration, customization, and the ease of choosing viewers, all of which relate to usability.",0.7
adr-30.md,"('zooniverse', 'front-end-monorepo')",Maintainability,"The ADR discusses adding undo/redo functionality, which primarily impacts how easily the system can be modified, extended, and maintained over time. It involves managing state snapshots and history, which relates to the system's modifiability and ease of updates.",0.6
adr-9.md,"('zooniverse', 'galaxy-zoo-touch-table')",,,
