ADR,Organization-Project,primary_category,explanation,max_confidence_value
adr-003-store-connector-container-component.md,"('AYCHAIN', 'AYCHAIN.github.io')",Design Decisions,"The ADR primarily discusses the architectural pattern for connecting state and components within a UI framework, which pertains to the logical organization and structure of the system. It details how components, containers, and connectors are structured and interact, aligning with design and architectural organization rather than technology, infrastructure, or other categories.",0.85
adr-004.md,"('Abelaa', 'pcmt')",Infrastructure Decisions,"The ADR focuses on provisioning and deployment environment setup using tools like Ansible, Terraform, and Docker, which are related to deployment infrastructure and environment configuration.",0.7
adr-007.md,"('Abelaa', 'pcmt')",Technology Decisions,"The ADR focuses on establishing a versioning and release mechanism, which involves selecting specific standards and practices related to versioning, CI/CD pipelines, and tagging conventions. These are primarily technology choices concerning how the system's releases are managed and identified.",0.75
0003-for-config-prefer-prefix-over-nesting-and-don-t-hide-defaults-in-code.md,"('Accenture', 'reactive-interaction-gateway')",Design Decisions,"The ADR primarily addresses the organization and structure of application configuration, focusing on how configuration keys are managed, nested, and defaulted. These are core aspects of system design, specifically related to configuration management and logical organization of settings within the system.",0.85
005-cutting-release-branch.md,"('Accenture', 'sfpowerscripts')",Technology Decisions,"The ADR primarily discusses changes to the release process, build metadata, and tagging strategies, which involve selecting and configuring tools and standards related to artifact management and versioning. It does not focus on system structure, deployment environment, team processes, or quality attributes directly, but rather on the tooling and platform mechanisms used for releases.",0.6
0009-message-driven-content-tracker-next-gen.md,"('Alfresco', 'SearchServices')",Design Decisions,"The ADR primarily discusses the architectural structure and design choices related to message-driven content tracking, including system components, data flow, and versioning strategies. It focuses on the overall system architecture, such as the use of message buses, content repositories, and service versions, which are characteristic of design-level decisions.",0.85
0010-managing-secrets-used-by-dbp.md,"('Alfresco', 'alfresco-anaxes-shipyard')",Constraints,"The ADR primarily discusses security measures and best practices related to managing secrets within Kubernetes, which are often driven by external requirements such as security policies, compliance standards, and organizational constraints. The decision emphasizes adherence to best practices and external security considerations, aligning it with constraints that limit or guide architectural choices.",0.8
0003-application-configuration-setup.md,"('Amsterdam', 'signals-frontend')",Design Decisions,"The ADR primarily discusses how to structure and manage application configuration, focusing on the method of injecting configuration data into the application at runtime. This pertains to the logical organization and architecture of the application's configuration handling, which falls under design decisions, especially regarding system structure and deployment approach.",0.75
2019-11-20_webapp.md,"('BMMRO-tech', 'BMMRO')",Technology Decisions,"The ADR primarily discusses the choice of platform and technology stack—opting for a Progressive Web App (PWA) versus native applications—focusing on the technological approach and tools to implement the system. It does not delve into system structure, deployment environment, organizational processes, constraints, or quality attributes directly, but rather centers on selecting the appropriate technology solution.",0.7
0014-use-mux-for-routing.md,"('CMSgov', 'easi-app')",Technology Decisions,"The ADR primarily concerns the selection of a specific routing library (gorilla/mux) for the application, which falls under the category of choosing technologies or frameworks to implement system functionality.",0.8
0021-audit-logging.md,"('CMSgov', 'easi-app')",Others,"The ADR primarily focuses on the requirements and rules for audit logging, which directly relate to system qualities such as security, compliance, and auditability. It details what data should be logged, how it should be protected, and how often it should be reviewed, all of which are key aspects of system quality attributes.",0.5
006-authentication.md,"('CSCfi', 'rems')",Technology Decisions,"The ADR primarily discusses the implementation and support of the OpenID Connect (OIDC) protocol, including the choice of using the authorization code flow, handling cookies, and integrating with specific libraries (Auth0 Java library). These are technical choices related to the technology stack and protocol implementation, fitting best under Technology Decisions.",0.75
adr-0004-why-wrap-input-textarea.md,"('CleverCloud', 'clever-components')",Design Decisions,"The ADR discusses the rationale behind a specific UI component structure and styling approach, focusing on how the HTML elements are organized and styled to achieve desired behaviors and appearance. This pertains to the logical organization and structure of the UI components, which falls under design decisions.",0.85
0004-language-choices-for-new-development.md,"('Crown-Commercial-Service', 'CCS-Architecture-Decision-Records')",Technology Decisions,"The ADR explicitly discusses choosing programming languages and frameworks for new development, which directly pertains to the selection of technologies and platforms used in the system.",0.9
0016-data-structure-tasks-submissions-entries-and-files.md,"('Crown-Commercial-Service', 'ReportMI-service-manual')",Design Decisions,"The ADR primarily focuses on defining the data structure and the relationships between core entities (Tasks, Submissions, Entries, Files) within the system. This pertains to the logical organization and modeling of data, which falls under architecture design decisions related to data modeling and system structure.",0.85
0021-generate-a-data-export-for-finance.md,"('Crown-Commercial-Service', 'ReportMI-service-manual')",Technology Decisions,"The ADR primarily discusses the technical approach for exporting data, including generating CSV files, storing them in S3, and transferring files to the finance team. These are concrete technology choices related to data handling, storage, and transfer mechanisms, which align with the 'Technology Decisions' category.",0.8
0008-api-extensions-mechanism.md,"('DFE-Digital', 'apply-for-teacher-training')",Design Decisions,"The ADR discusses the conceptual approach to extending the API, considering mechanisms for optional fields and response customization, which relates to the logical organization and structure of the API responses. It explores different patterns and conventions (like JSON:API) and their implications, indicating a focus on the design of the API's extension mechanism rather than technology choices or deployment details.",0.75
0006-use-dotenv-for-managing-environment-variables.md,"('DFE-Digital', 'buy-for-your-school')",Technology Decisions,"The ADR explicitly discusses the choice of a specific tool, DotEnv, for managing environment variables, which is a technology selection decision. It also references related tooling (Docker Compose, Climate Control) and considerations for environment variable management, all of which pertain to the selection and use of specific technologies and libraries.",0.8
0012-automate-dqt-integration.md,"('DFE-Digital', 'claim-additional-payments-for-teaching')",Technology Decisions,"The ADR primarily discusses replacing an existing verification method with an API-based integration with the DQT system, which involves selecting and implementing specific technologies and APIs. It focuses on the choice and integration of the DQT dataset and API, indicating a technology decision.",0.7
007-Integration-Approaches.html.md.erb,"('DFE-Digital', 'csc-swr-architecture')",Design Decisions,"The ADR focuses on the approach to integrating various data sources through APIs, event backbones, and event sourcing, which pertains to the system's structural organization and data flow architecture.",0.75
0004-non-integer-trainee-ids.md,"('DFE-Digital', 'register-trainee-teachers')",Design Decisions,"The ADR discusses a change in how trainee IDs are generated and used within the system, focusing on the structure and format of identifiers, which directly impacts the system's design and data modeling. The decision about which ID scheme to implement affects URL structure, uniqueness, and system behavior, all of which are core aspects of system design and architecture.",0.85
0008-use-skylight-for-performance-monitoring.md,"('DFE-Digital', 'teacher-training-api')",Others,"The ADR focuses on selecting a performance monitoring tool to meet system performance and monitoring quality attributes, specifically addressing performance measurement and monitoring capabilities.",0.6
0004_define_environments_after_gov_uk_paas_migration.md,"('DFE-Digital', 'teaching-vacancies')",Infrastructure Decisions,"The ADR primarily discusses the setup and management of different deployment environments (staging, production, local environments), which directly relates to deployment infrastructure and environment configuration.",0.8
0010-confirm-performance-issues-before-optimizing.md,"('Datatamer', 'tamr-client')",Design Decisions,"The ADR focuses on choosing an implementation approach prioritizing simplicity and readability over performance optimization, which pertains to the logical organization and structure of the system's features and their implementation strategies.",0.85
0004-inverse-relationships-sample-update.md,"('EBIBioSamples', 'biosamples-v4')",Constraints,The ADR specifies a decision that imposes a specific behavior on the system (not changing the update date during relationship inversion) based on existing use cases and external stakeholder considerations (NCBI). This aligns with constraints that limit or specify mandatory conditions for system behavior.,0.7
74-schemaorg-additionalType-vs-RDF-typing.md,"('ESIPFed', 'science-on-schema.org')",Design Decisions,"The ADR discusses a code splitting strategy, which pertains to the logical organization and structuring of client-side code for performance optimization. It focuses on how code is divided into bundles to improve load times and reuse, which aligns with architectural concerns about system structure and component organization.",0.85
boolean.md,"('ElektraInitiative', 'libelektra')",Design Decisions,"This ADR focuses on defining the data representation and handling of boolean values within the system, which pertains to the logical structure and data modeling aspects of the architecture. It specifies how booleans are represented, validated, and interpreted, directly influencing the system's data design.",0.85
functions_with_buffers.md,"('ElektraInitiative', 'libelektra')",Crosscutting Concerns Decisions,"The ADR focuses on specific function removal and API documentation updates, which are internal code-level decisions affecting how functions are implemented and used. These are not high-level architectural or technology choices but rather detailed implementation considerations.",0.4
multiple_file_backends.md,"('ElektraInitiative', 'libelektra')",Design Decisions,"The ADR primarily discusses the architectural approach to handling multiple file backends, including the structure, organization, and logical design considerations such as support for multiple sources, fallback mechanisms, and atomicity concerns. These are core aspects of system structure and organization, fitting within the 'Design Decisions' category.",0.85
store_name.md,"('ElektraInitiative', 'libelektra')",Design Decisions,"The ADR primarily concerns the internal structure and organization of key data within the system, specifically the decision to store only the unescaped key name to optimize memory usage and API clarity. This directly impacts how the system's components are structured and how data is managed internally, which aligns with design-level considerations.",0.85
project-name.md,"('Financial-Times', 'dotcom-page-kit')",Technology Decisions,The ADR explicitly specifies the choice of communication technologies: zeromq for API-backend communication and redis for IPC within the backend. These are concrete technology selections rather than high-level design patterns or organizational processes.,0.85
0003-http-api.md,"('Flowminder', 'FlowKit')",Design Decisions,"The ADR primarily discusses the architectural role of Jupyter notebooks within the AutoFlow system, focusing on how they are integrated as central components for defining workflows and reports. The decision pertains to the logical organization and structure of the system, specifically how notebooks are used as building blocks for automation, which aligns with design-level considerations.",0.85
0004-use-create-react-app-and-npm-eject-to-create-the-basis-of-the-project-structure.md,"('FoodStandardsAgency', 'register-a-food-business-front-end')",Design Decisions,"The ADR discusses restructuring the application's models and abstractions, which directly pertains to the logical organization, structure, and decomposition of the system. It involves analyzing and potentially refactoring core data models and their relationships, characteristic of design decisions.",0.85
2020-08-10-architecture-decision-records.md,"('HEPTACOM', 'heptaconnect-docs')",Design Decisions,"The ADR focuses on the logical organization and process of data emission during exploration, specifically addressing how data sources and emission timing are managed. It discusses the structure of data flow and the implications for portal development, which relates to system organization and data handling patterns.",0.75
creating_continuous_inpatient_spells.md,"('HFAnalyticsLab', 'HES_pipeline')",Implementation Decisions,"The ADR focuses on specific implementation details related to how variable names are handled within the pipeline, such as hardcoding variable names, coercing data types, and deriving variables. These are internal code-level decisions affecting the structure and behavior of the implementation rather than high-level architecture or technology choices.",0.9
0004-application-logging.md,"('HHS', 'Head-Start-TTADP')",Others,"The ADR focuses on security-related scans (static code analysis, dependency security audit, dynamic security scan), which are primarily aimed at ensuring the system's security and overall quality attributes such as security and maintainability. These decisions are explicitly about system qualities rather than structural, technological, or organizational aspects.",0.7
004-configuration-by-environment-variable.md,"('HHS', 'TANF-app')",Organizational/Process Decisions,"The ADR describes a detailed workflow process for managing Git operations, pull requests, reviews, and approvals within a team or organizational context. It focuses on procedures, roles, and collaboration practices rather than system structure, technology choices, or quality attributes.",0.75
0013-handle-eventual-consistency-with-etags.md,"('Informatievlaanderen', 'publicservice-registry')",Design Decisions,"The ADR discusses the process of translating and managing data changes within a system, focusing on how different data files and their record types are handled to represent modifications holistically. This involves logical organization and structuring of data change representations, which aligns with design decisions related to data modeling and system structure.",0.75
004-temporary-and-permanent-identifiers.md,"('Informatievlaanderen', 'road-registry')",Infrastructure Decisions,"The ADR focuses on selecting and implementing an init system (`systemd`) which pertains to the deployment environment and runtime platform aspects of the system. It involves choices about how the system is started, managed, and configured at the OS level, fitting squarely within infrastructure concerns.",0.7
0011-preinstallable-images-on-data-volume.md,"('Internet-of-People', 'titania-os')",Organizational/Process Decisions,"The ADR primarily discusses strategies for organizing work, including branching and release processes, team responsibilities, and deployment workflows, which are characteristic of organizational and process-level decisions rather than purely technical or architectural choices.",0.75
0018-use-regular-expression-to-split-multiple-sentence-titles.md,"('JabRef', 'jabref')",Design Decisions,"The ADR discusses how preferences are stored and retrieved, focusing on the structure and organization of preference data, which relates to the logical design of the system's configuration management. It addresses the approach to handling localization at the data level, impacting how components interact with preferences, thus aligning with design considerations.",0.75
0021-keep-study-as-a-dto.md,"('JabRef', 'jabref')",Implementation Decisions,The ADR describes a specific implementation change—moving a script into a Docker image and creating platform-specific wrapper scripts. This pertains to internal code structure and deployment mechanisms rather than high-level architecture or technology choices.,0.8
0005-use-cpp-to-interface-with-the-ftduino.md,"('KIT-SOC4S', 'ftd-scratch3-offline')",Implementation Decisions,"The ADR focuses on how to implement complex functions—specifically, whether to write them directly in generated code or encapsulate them within helper functions. This pertains to internal code structuring and maintainability practices rather than high-level architecture or technology choices.",0.8
0003-Pipeline_API_Rewrite.md,"('KonduitAI', 'konduit-serving')",Technology Decisions,"The ADR primarily discusses the selection and implementation of protocols, APIs, and mechanisms for accessing remote resources via URIs and URLs, which are technological choices. It details the use of Java APIs, protocol handlers, and module dependencies to facilitate resource access, indicating a focus on technology selection and integration.",0.8
0004-build-an-abstracted-resident-store.md,"('LBHackney-IT', 'evidence-api')",Technology Decisions,The ADR primarily discusses the selection and configuration of specific AWS services (SNS and SQS) to implement an event-driven messaging architecture. This focus on choosing particular technologies and services aligns with the 'Technology Decisions' category.,0.8
Event-Driven-Architecture.md,"('LBHackney-IT', 'lbh-adrs')",Crosscutting Concerns Decisions,"The ADR focuses on observability aspects, specifically logging and tracing, which are crosscutting concerns impacting multiple system components. The decision to use AWS X-Ray pertains to system-wide monitoring, diagnostics, and performance analysis, aligning with crosscutting concerns rather than a specific architectural pattern, technology, or organizational process.",0.8
0005-use-eslint.md,"('LBHackney-IT', 'lbh-frontend-react')",Design Decisions,"The ADR focuses on the insulation of importers from internal implementation details, specifically regarding component creation and styling hierarchy. It addresses the logical organization and structure of the library's components to ensure encapsulation and ease of use, which aligns with design and component organization principles.",0.85
0012-reimplement-gov-uk-frontend-javascript-internally-to-this-library.md,"('LBHackney-IT', 'lbh-frontend-react')",Technology Decisions,"The ADR explicitly discusses supporting IndexedDB as a data store layer, which involves selecting a specific technology (IndexedDB) for data persistence in the browser environment. This decision pertains directly to the choice of technology platform for data storage.",0.8
0007-use-postgres-search.md,"('LBHackney-IT', 'report-a-defect')",Technology Decisions,"The ADR explicitly discusses selecting a specific database plan ('Hobby Basic' Postgres plan) for production use, which pertains directly to the choice of technology platform and service configuration.",0.8
adr-8-dome-ingest.md,"('MITLibraries', 'dos-server')",Technology Decisions,"The ADR explicitly discusses selecting a programming language (Go) based on various technical factors such as concurrency support, deployment environment (AWS Lambda), packaging, ecosystem, and data streaming capabilities. This decision pertains directly to the choice of technology stack and platform support.",0.85
0005-use-aws-lambda.md,"('MITLibraries', 'mario')",Technology Decisions,"The ADR explicitly discusses the choice of a documentation standard (OpenAPI Specification) for API documentation, which pertains to selecting a specific technology or standard to implement a system aspect.",0.8
0005-docker-containers-for-everything.md,"('NERC-CEH', 'datalab')",Technology Decisions,"The ADR focuses on selecting Traefik as the reverse proxy solution, which is a technology choice involving specific software. The decision pertains to the selection and implementation of a particular technology component to address functional requirements (WebSocket support, reliability).",0.8
0007-kubernetes-for-container-orchestration.md,"('NERC-CEH', 'datalab')",Technology Decisions,"The ADR primarily concerns the selection of Kong as the reverse proxy solution, which is a technology choice involving specific software (Kong) and its capabilities. The decision focuses on choosing a technology that provides an API for configuration, indicating a technology selection process rather than a design, infrastructure, or organizational decision.",0.7
0039-prometheus-operator-helm-chart.md,"('NERC-CEH', 'datalab')",Technology Decisions,"The ADR primarily concerns the selection of Kubernetes' native secret management solution over Hashicorp Vault, which is a decision about the technology platform and tools used in the system.",0.8
0003.md,"('ONSdigital', 'dp')",Constraints,"The ADR discusses specific restrictions and conditions related to data sensitivity, access, and non-publication requirements, which are characteristic of constraints imposed by business or regulatory needs.",0.6
0003-replace-rdb-with-json.md,"('ONSdigital', 'eq-author-app')",Crosscutting Concerns Decisions,This ADR focuses on a specific security-related implementation detail—using the 'kid' header to identify cryptographic keys in tokens—which impacts multiple parts of the system's security and token handling mechanisms. It addresses a crosscutting concern (key identification and rotation) that affects system security and interoperability.,0.45
0010-cookies.md,"('ONSdigital', 'eq-questionnaire-runner')",Technology Decisions,"The ADR explicitly discusses evaluating and choosing between different database technologies (relational vs. graph database), which directly pertains to selecting specific technologies and platforms.",0.9
0010-use-jest-and-cypress-for-tests.md,"('PakkuDon', 'SoundCloudVisualizer')",Design Decisions,"The ADR primarily discusses a change in the transaction protocol's lock release mechanism, focusing on the logical flow and structure of how locks are managed asynchronously. It involves designing a new concurrency model and scheduling mechanism for lock release, which pertains to the system's architecture and its behavior during transaction processing.",0.85
0004-client-side-routing-using-history-api-and-redirects.md,"('PakkuDon', 'pixel-art-gallery')",Design Decisions,"The ADR focuses on choosing a specific frontend framework (AngularJS 1.x) and describes how the existing codebase is to be restructured using AngularJS constructs. This pertains to the system's structure, components, and organization, which are core aspects of design decisions.",0.85
0016-structure-of-error-object.md,"('SAP', 'cloud-sdk-js')",Design Decisions,"The ADR primarily discusses extending and improving the API for building OData requests, focusing on URL structure, navigation, and request composition. These are core concerns related to the logical organization and structure of the system's API layer, which falls under architecture design decisions. The ADR does not specify technology choices, deployment infrastructure, organizational processes, constraints, quality attributes, or implementation details, but rather focuses on how the system's API architecture should be designed to support complex OData queries.",0.85
0019-openapi-generator-naming.md,"('SAP', 'cloud-sdk-js')",Technology Decisions,"The ADR primarily discusses the support and implementation of x509-based authentication, which involves selecting and integrating specific security protocols and standards. It details how the system should handle certificates, key management, and the use of libraries like xssec, all of which are technology choices affecting the system's security mechanism.",0.7
form-field-variations.md,"('SFDigitalServices', 'webform')",Design Decisions,"The ADR primarily addresses the organization and structure of notification titles within the system, establishing a centralized approach to managing notification types and their presentation. This pertains to the logical design and pattern of how notifications are handled and displayed, which aligns with architecture design decisions.",0.75
writing-docs.md,"('Skyscanner', 'backpack')",Organizational/Process Decisions,"The ADR discusses a procedural change in how the project loads and manages context, specifically focusing on the timing and method of context initialization and caching. This pertains to team workflows and operational procedures rather than system structure, technology, or quality attributes.",0.7
0005-use-redis-and-bull-for-background-tasks.md,"('SmartBear', 'git-en-boite')",Design Decisions,"The ADR primarily discusses the design of the system's interface to git operations, including the structure of the API, the use of ports and adapters, and the delegation of tasks to worker processes. These are core aspects of the system's architecture, focusing on how components are organized and interact.",0.75
0011-put-integration-tests-in-seperate-folder.md,"('StuPro-TOSCAna', 'TOSCAna')",Design Decisions,"The ADR discusses a specific architectural feature of the TOSCA service template—supporting or not supporting node type definitions—which directly pertains to the system's structure and capabilities. It involves decisions about the features and extensibility of the system's modeling language, aligning with design-level considerations.",0.85
0016-not-supporting-type-definitions.md,"('StuPro-TOSCAna', 'TOSCAna')",Design Decisions,"This ADR focuses on selecting and using a specific tool (CloudFormation Builder) to generate CloudFormation templates, which pertains to the logical organization and structuring of the system's development process and components. It discusses the choice of a particular approach and how it will be integrated and maintained, aligning with design-level considerations.",0.85
2020_05_13_handling_non_crud_operations_in_api.md,"('Sylius', 'Sylius')",Design Decisions,"The ADR focuses on the approach to handling resource identifiers within the API, specifically the transformation and normalization of IRIs to internal identifiers (`id`/`code`). This pertains to the logical organization and structure of how resources are referenced and managed in the system, which aligns with design decisions about system organization and data modeling.",0.85
0005-inject-ab-config-global-values-toPresenter.md,"('Trendyol', 'ios-architecture-decision-logs')",Design Decisions,"The ADR explicitly discusses creating a design guideline, including rules for UI elements such as corner radius, shadows, colors, and icons. These are directly related to the logical organization and structure of the user interface design, which falls under design decisions.",0.85
0011-use-govuk-design-system-form-builder.md,"('UKGovernmentBEIS', 'beis-report-official-development-assistance')",Others,"The ADR focuses on implementing a security analysis tool (Brakeman) to ensure the application's security posture, which directly relates to system qualities such as security and confidence in the system's safety. The decision aims to improve the security attribute of the system, making this the most relevant category.",0.6
0019-use-data-migrations-to-update-live-data.md,"('UKGovernmentBEIS', 'beis-report-official-development-assistance')",Infrastructure Decisions,"The ADR focuses on using Terraform for setting up and deploying infrastructure components within a PaaS environment, which directly pertains to deployment environment, hosting, and infrastructure provisioning. It discusses infrastructure as code and deployment automation, aligning with infrastructure-level decisions.",0.75
0024-use-scripts-to-rule-them-all.md,"('UKGovernmentBEIS', 'beis-report-official-development-assistance')",Organizational/Process Decisions,The ADR primarily discusses a change in the process of executing data migrations—shifting from automated to manual execution—highlighting a procedural decision affecting deployment practices and team workflows.,0.6
0009-remove-hal-links.md,"('UST-QuAntiL', 'qc-atlas')",Technology Decisions,"The ADR focuses on choosing a specific technology (asymmetric vs symmetric JWT signing methods), which directly pertains to the selection of cryptographic techniques and standards.",0.8
0002-use-sha256-with-base64url-encoding.md,"('VirtualProgrammingLab', 'documentation')",Technology Decisions,"The ADR primarily discusses the choice of encoding and hashing techniques for data transfer and integrity verification, which are technological solutions involving specific algorithms and encoding standards.",0.7
adr-0003-nix-for-dependency-management.md,"('Vodurden', 'CrossyToad')",Design Decisions,"The ADR focuses on how input handling is structured within the system, specifically the approach to supporting discrete and continuous input mechanisms. It discusses the architecture of the input layer, the use of SDL functions, and the internal state machinery, which are all aspects of system organization and structure.",0.85
0007-follow-optimistic-concurrency.md,"('VolleyManagement', 'volley-management')",Design Decisions,"The ADR focuses on establishing coding standards and best practices to improve code quality, maintainability, and structure. It discusses guidelines for code organization, modularity, object-oriented design, and coding conventions, which are core aspects of system design and structure rather than technology, infrastructure, or organizational processes.",0.85
adr-007-pa-dep-client-app.md,"('WikiWatershed', 'model-my-watershed')",Design Decisions,"The ADR primarily discusses the choice of a frontend framework (Vue.js) and how it will influence the structure, organization, and componentization of the frontend codebase. It focuses on architectural aspects such as refactoring, component reuse, and standardization of the frontend architecture, which are characteristic of design decisions.",0.85
0004-asset-integrity-check.md,"('Y2Z', 'monolith')",Technology Decisions,"The ADR primarily discusses the selection of tools and technologies, specifically the use of Create React App for project scaffolding and NPM for package management, which are core technology choices.",0.8
0277-run-action-shell-options.md,"('actions', 'runner')",Crosscutting Concerns Decisions,"The ADR discusses the specifics of how the 'shell' option is implemented and executed within the system, including default behaviors, command templates, and handling of different shell types. It focuses on internal mechanisms and configurations related to executing scripts with various shells, which aligns with internal code structure and implementation details rather than high-level architecture or organizational policies.",0.25
0002-add-default-implementations-to-componentlifecycle.md,"('adaptris', 'interlok')",Design Decisions,"The ADR discusses a change to the interface design by adding default methods, which directly impacts the structure and organization of the codebase. This aligns with the logical organization and structure of the system, characteristic of design decisions.",0.85
0004-expose-services-through-rest-api.md,"('adhuc-projects', 'cena')",Design Decisions,"The ADR focuses on the architectural style and structure of exposing services via REST API, which pertains to the organization, principles, and patterns of system design. It discusses adopting REST as an architectural style, emphasizing constraints like client-server separation, layered systems, statelessness, cacheability, and uniform interface, all of which are core to architecture design decisions.",0.85
0005-help-comments.md,"('adoble', 'adr-j')",Design Decisions,"The ADR focuses on the design and implementation approach for providing help comments within the code, specifically how help documentation is integrated and maintained. It discusses the structure and organization of help commands and their annotations, which relate to the logical organization and design of the system's help feature.",0.75
0005-we-chose-our-primary-cloud-provider.md,"('agnesei', 'clone_difitalcitizenship')",Technology Decisions,"The ADR explicitly states the choice of Microsoft Azure as the primary cloud provider and details the specific PaaS services to be used, which are technology selections. It focuses on selecting a platform and associated services rather than system structure, deployment environment, team processes, or constraints.",0.8
0013-show-no-kickers-for-ties.md,"('alexanderbird', 'texas-holdem-code-challenge')",Design Decisions,"The ADR pertains to a specific rule or policy regarding how information (kickers) should be displayed in the context of game logic, which directly influences the logical presentation and behavior of the system. It involves defining a particular aspect of the system's behavior and presentation logic, characteristic of design decisions.",0.75
0005-minimize-the-amount-of-code-that-must-be-tested-in-the-browser.md,"('alexanderbird', 'where-away')",Design Decisions,"The ADR focuses on the architectural approach to minimizing client-side testing by shifting logic to the build process, which pertains to the system's structure and organization of code and build steps. It addresses how the system is decomposed and how responsibilities are allocated between build and runtime, characteristic of design-level decisions.",0.85
adr-006-track-metrics-via-time-dimension.md,"('alphagov', 'content-data-api')",Technology Decisions,"The ADR primarily concerns the selection and use of a specific technology (PostgreSQL) for building a data warehouse, which falls under technology choices. While it mentions data integration and reporting, the core decision revolves around choosing a technology platform for implementation.",0.8
0005-avoiding-initialisation-flickers.md,"('alphagov', 'content-publisher')",Technology Decisions,"The ADR primarily discusses a technical approach to handling page initialization and flickering issues related to JavaScript, which involves implementing a specific class (`js-enabled`) and managing fallback behavior. This decision centers on the choice and implementation of a client-side technique to improve user experience, fitting within technology choices rather than broader design, organizational, or infrastructure concerns.",0.7
0008-interrogation-method-iam-role.md,"('alphagov', 'csw-backend')",Technology Decisions,"The ADR primarily discusses the creation and use of a Terraform module to provision IAM roles and policies, which pertains to the selection and implementation of specific technologies and tools for managing cloud infrastructure.",0.7
adr-003-initial-data-retention-strategy.md,"('alphagov', 'email-alert-api')",Constraints,"The ADR primarily discusses constraints related to data retention, GDPR compliance, and operational limits on data storage and deletion, which directly align with the Constraints category.",0.7
0006-puppet-architecture.md,"('alphagov', 'govuk-aws')",Design Decisions,"The ADR focuses on choosing an architectural pattern for configuration management (Puppetmaster vs. masterless Puppet), which pertains to the system's structural organization and deployment architecture. This aligns with design decisions related to system structure and deployment approach.",0.85
0017-terraform-data-structure.md,"('alphagov', 'govuk-aws')",Design Decisions,"The ADR describes a specific structure for Terraform data files, focusing on organizing configuration files and directory layout, which pertains to the logical organization and structure of the system's configuration management. It does not specify technology choices, deployment environments, team processes, constraints, quality attributes, or crosscutting concerns directly. Therefore, it aligns most closely with design decisions related to system organization.",0.85
0022-remove-the-elasticsearch-proxy.md,"('alphagov', 'govuk-aws')",Technology Decisions,"The ADR discusses removing a specific proxy setup for Elasticsearch and replacing it with AWS Elastic Load Balancers (ELBs). This involves evaluating and changing the technology infrastructure components used for service connectivity and load balancing, which aligns primarily with technology choices.",0.7
0010-use-dex-idp-for-user-web-auth.md,"('alphagov', 'govuk-infrastructure')",Technology Decisions,"The ADR primarily concerns the selection and configuration of an identity provider (Dex) and related authentication protocols (OAuth2, OIDC). It focuses on choosing specific technologies and standards to implement user authentication across systems.",0.7
0004-structure-for-terraform-projects.md,"('alphagov', 'govuk-kubernetes-discovery')",Design Decisions,"The ADR focuses on the organization and structure of Terraform code, including modularization, separation of concerns, and code organization strategies. These are core aspects of system architecture design, specifically related to how the system's components and codebase are structured to support maintainability, reusability, and clarity.",0.85
ADR003-container-orchestration.md,"('alphagov', 'gsp')",Technology Decisions,The ADR explicitly discusses choosing Kubernetes as the base container orchestrator and mentions various solutions and platforms related to container orchestration technologies. The focus is on selecting and leveraging specific technologies and platforms for container management.,0.7
ADR004-tenant-isolation.md,"('alphagov', 'gsp')",Infrastructure Decisions,"The ADR focuses on deployment and environment management strategies for Kubernetes clusters, AWS accounts, and VPCs, which are core aspects of infrastructure and deployment environment choices.",0.8
ADR022-logging.md,"('alphagov', 'gsp')",Crosscutting Concerns Decisions,"The ADR focuses on the logging infrastructure, specifically on how logs are collected, shipped, and stored across different sources and platforms. This pertains to a concern that impacts multiple parts of the system (various log sources and storage solutions), which aligns with the concept of crosscutting concerns, especially logging and monitoring.",0.8
ADR034-one-service-operator-different-resource-kinds.md,"('alphagov', 'gsp')",Design Decisions,"The ADR discusses the architectural approach to building a service operator, focusing on the system's structure and organization—specifically, whether to implement a single monolithic operator or multiple specialized ones. This pertains to the logical design and decomposition of the system components.",0.85
0003-use-ecs-for-initial-beta-buildout.md,"('alphagov', 'monitoring-doc')",Technology Decisions,"The ADR explicitly discusses choosing Amazon ECS as the deployment platform for the Prometheus system, which pertains directly to the selection of a specific technology platform. It also references related tools and standards like Docker, indicating a focus on technology choices rather than system structure, organizational processes, or constraints.",0.7
ADR007-paas-taking-ownership.md,"('alphagov', 'paas-csls-splunk-broker')",Organizational/Process Decisions,"The ADR primarily discusses a decision about ownership, responsibility, and operational management of a platform component, which pertains to team roles, responsibilities, and operational workflows rather than technical or architectural design choices.",0.75
ADR003-AWS-credentials.html.md,"('alphagov', 'paas-team-manual')",Infrastructure Decisions,"The ADR primarily discusses the deployment environment, specifically the use of AWS infrastructure, IAM roles, and instance profiles, which are core aspects of deployment and hosting infrastructure.",0.7
ADR004-domain-naming-scheme.html.md,"('alphagov', 'paas-team-manual')",Design Decisions,"The ADR primarily addresses the naming scheme and URL structure for different environments and applications, which pertains to the logical organization and structure of the system's domain naming conventions. It involves defining how components are named and accessed, aligning with design considerations.",0.85
ADR022-web_app_language_and_framework_selection.html.md,"('alphagov', 'paas-team-manual')",Technology Decisions,"The ADR explicitly discusses selecting a programming language (Ruby) and a web framework (Rails), which are technology choices. It also mentions support for specific frontend toolkits and standards, but the core focus is on choosing the technology stack for web development.",0.7
ADR033-redirect-http-for-applications.html.md,"('alphagov', 'paas-team-manual')",Design Decisions,"The ADR focuses on a high-level architectural approach to handling HTTP to HTTPS redirection, involving system routing and endpoint configuration, which are core aspects of system structure and behavior.",0.7
adr-005-forking-frontend-components-from-govuk-frontend.md,"('alphagov', 'publisher')",Design Decisions,"The ADR focuses on a specific architectural choice related to forking and integrating frontend components, which pertains to the structure and organization of frontend components within the system. It discusses the decision to fork a frontend library and how to manage its integration, aligning with design-level considerations.",0.85
0004-pin-versions-of-jenkins-and-plugins.md,"('alphagov', 're-build-systems')",Technology Decisions,"The ADR primarily discusses options related to supporting and managing Jenkins and its plugins, which involves selecting specific versions, hosting options, and deployment strategies. These are centered around the choice and management of technologies and platforms, fitting the 'Technology Decisions' category.",0.75
adr-003-popularity-updating-without-index-locks.md,"('alphagov', 'search-api')",Technology Decisions,"The ADR discusses specific technical strategies for updating index data, including the use of external versioning and index management techniques in Elasticsearch. It focuses on the implementation details of data update mechanisms, which are inherently technical choices involving the technology stack and data handling methods.",0.7
0003-use-files-to-store-private-keys copy.md,"('alphagov', 'verify-onboarding-prototypes')",Implementation Decisions,"The ADR focuses on a specific implementation detail—storing private keys in files—rather than high-level architectural patterns, technology choices, or organizational processes. It discusses a particular method of handling private keys within the system's implementation, which aligns with internal code or configuration decisions rather than broader architectural concerns.",0.8
20190327-hashing-attributes.md,"('alphagov', 'verify-proxy-node')",Others,"The ADR focuses on implementing a security control—hashing user attributes to ensure data integrity and authenticity—which directly relates to system qualities such as security and trustworthiness. The decision aims to enhance confidence in the system's security posture by verifying data consistency, a typical concern of quality attributes.",0.6
0021-we-will-use-http-200-for-valid-saml.md,"('alphagov', 'verify-service-provider')",Design Decisions,"The ADR primarily concerns the logical structure and behavior of the API response handling, including how to represent different outcomes and error scenarios within the system's communication protocol. It focuses on the design of response formats, status codes, and enums, which are core to the system's architecture and interaction patterns.",0.85
0024-release-process-for-verify-service-provider.md,"('alphagov', 'verify-service-provider')",Organizational/Process Decisions,"The ADR primarily describes a release process workflow, including steps for approval, signing, and distribution, which pertains to team procedures and operational practices rather than system structure, technology choices, or quality attributes.",0.7
0010-shape-annotation-types.md,"('aml-org', 'amf')",Design Decisions,"The ADR focuses on defining annotation types to enable traceability and modeling of source information within a system. This pertains to the logical organization and structure of how source metadata is represented and managed, which aligns with design-level decisions about system modeling and architecture. It does not specify technology choices, infrastructure, organizational processes, constraints, quality attributes, crosscutting concerns, or implementation details, but rather the conceptual framework for annotations within the model.",0.85
0009-source-information-node-storing-source-locations.md,"('aml-org', 'amf-core')",Design Decisions,"The ADR describes a structural change to the data model by defining a new node (BaseUnitSourceInformation) and its fields, which pertains to the organization and structure of the data within the system. It focuses on how source location information is stored and represented, which is a design aspect of the system's data model.",0.85
0004-keep-qa-and-devs-html-selectors-separate.md,"('anilewek', 'adr')",Organizational/Process Decisions,"The ADR primarily addresses a decision about how different teams (QA and Development) will organize and maintain their respective sets of selectors, and the process of their separation and maintenance. It involves team responsibilities, workflows, and coordination rather than technical or architectural design choices.",0.7
ADR-20-explorer-settings-panel-architecture.md,"('anilewek', 'adr')",Design Decisions,"The ADR describes the architecture of a settings panel, focusing on the logical organization, structure, and decomposition of the system into panels, sections, widgets, and controls. It details how components are instantiated, configured, and interact, which aligns with design decisions related to system structure and modularization.",0.85
ADR-32-wearable-committee-reverts.md,"('anilewek', 'adr')",Design Decisions,"The ADR discusses the approach to how wearable versions are specified and validated, focusing on the method of hashing metadata and content to ensure integrity and proper deployment. This pertains to the logical organization and structure of the system's versioning and validation mechanism, which falls under design decisions related to data modeling and system logic.",0.85
ADR-43-catalyst-api-refinment.md,"('anilewek', 'adr')",Technology Decisions,"The ADR primarily discusses changes to API endpoints, including deprecations, additions, and modifications, which are directly related to the selection and management of technologies and protocols used in the system. It focuses on refining the API protocol, improving performance, security, and internal tooling, all of which are technology-related decisions.",0.7
ADR-46-royalties-manager-v1.md,"('anilewek', 'adr')",Design Decisions,"The ADR focuses on defining a module (Royalties Manager) that interacts with on-chain interfaces to determine the recipient of royalties, which pertains to the logical organization and interaction of system components. It specifies an interface and the logic for retrieving royalties receiver addresses, aligning with design and component structuring rather than technology, infrastructure, or other categories.",0.85
0003-cqrs.md,"('anton-liauchuk', 'educational-platform')",Design Decisions,"The ADR describes the adoption of the CQRS pattern, which pertains to the logical organization and structure of the system, specifically how read and write operations are separated and optimized. This is a classic example of a design decision related to system architecture patterns.",0.85
0003-distributed-workqueue.md,"('apache', 'james-project')",Technology Decisions,"The ADR primarily discusses the selection and configuration of a specific messaging technology, RabbitMQ, to implement a distributed work queue. It details the use of RabbitMQ queues, message acknowledgment strategies, and specific queue properties, which are characteristic of technology choices.",0.8
0005-distributed-task-termination-ackowledgement.md,"('apache', 'james-project')",Design Decisions,"The ADR focuses on the design of a distributed task management system, specifically on how events related to task termination are propagated across nodes. It involves decisions about event handling, broadcasting mechanisms, and system components, which are core to the system's architecture and logical organization.",0.75
0024-polyglot-strategy.md,"('apache', 'james-project')",Technology Decisions,"The ADR explicitly discusses implementing components and mailets in Scala, which involves selecting and applying a specific technology (Scala) to enhance the system. The focus is on choosing a language to implement parts of the codebase, aligning with technology decision scope.",0.7
0026-removing-configured-additional-mailboxListeners.md,"('apache', 'james-project')",Organizational/Process Decisions,"The ADR primarily discusses implementing an event sourcing mechanism to track and manage mailbox listener groups, which pertains to team processes, auditability, and operational workflows within the system. It focuses on how to organize and control the management of listener configurations, rather than on the system's structural design, technology choices, or infrastructure.",0.6
0028-Recompute-mailbox-quotas.md,"('apache', 'james-project')",Organizational/Process Decisions,"The ADR describes implementing a corrective task accessible via webadmin, which pertains to operational procedures and workflows rather than system structure, technology choices, or quality attributes. It involves process-level decision-making to address data inconsistency issues.",0.6
0035-distributed-listeners-configuration.md,"('apache', 'james-project')",Design Decisions,"The ADR primarily discusses the configuration, registration, and management of mailbox listeners within a distributed system, focusing on how components are organized and interact. It involves defining how mailbox listeners are added, removed, and synchronized across nodes, which pertains to the logical structure and organization of the system's components and their interactions.",0.85
0042-applicative-read-repairs.md,"('apache', 'james-project')",Design Decisions,"The ADR primarily discusses implementing a new approach to handle data consistency and auto-healing mechanisms at the application level, which pertains to the logical organization and behavior of the system. It focuses on how the system manages data integrity through applicative read repairs, which is a design-level concern affecting the system's architecture for data consistency and performance.",0.75
0050-jmap-web-push.md,"('apache', 'james-project')",Design Decisions,"The ADR primarily concerns the design and implementation of a web push notification mechanism within the system architecture, including protocols, storage, event handling, and integration points. It focuses on how the system is structured to support real-time notifications, which are core to the system's architecture rather than just technology choices or organizational processes.",0.85
0003-have-the-master-documentation-in-the-readme.md,"('arachne-framework', 'architecture')",Organizational/Process Decisions,"The ADR focuses on establishing a team onboarding process through documentation practices, specifically emphasizing the importance of the README as a key resource for new team members. This pertains to team workflows, responsibilities, and organizational standards rather than technical or architectural design choices.",0.75
0003-monitor-condition-and-data-selectors.md,"('arachne-framework', 'architecture')",Design Decisions,"The ADR primarily discusses the organization and structure of data exposure within the system, including how data is fetched, managed, and presented in the UI. It defines the logical flow and interface considerations, such as the fetch, manage, and view layers, and how data selectors are handled, which are core aspects of system design and architecture.",0.85
0019-GPIO.md,"('arachne-framework', 'architecture')",Technology Decisions,"The ADR primarily addresses the decision to stop accepting core integrations that directly interface with GPIO hardware, which involves selecting a particular approach to hardware interaction and platform support. It discusses the handling and deprecation of integrations based on their use of GPIO, a specific technology/hardware interface.",0.7
adr-015-data-abstraction-model.md,"('arachne-framework', 'architecture')",Others,"The ADR focuses on defining a common, abstract data model and manipulation API to enable database-agnostic data persistence and interoperability, which aligns closely with architecture design decisions related to data modeling and abstraction layers.",0.85
0010-archivematica-original-design-principles.md,"('archivematica', 'archivematica-architectural-decisions')",Design Decisions,"The ADR primarily discusses the architectural principles and structural approach of the system, such as using file system as the focal point, micro-services, and standards for AIP generation. These are core to the logical organization and design of the system, fitting squarely within design decisions.",0.85
0006-use-row-level-security-in-postgres-to-implement-multitenancy.md,"('avniproject', 'openchs-adr')",Constraints,"The ADR primarily addresses mandatory conditions imposed by the business or regulatory requirements, such as data isolation and security constraints for multitenancy, which directly relate to constraints category.",0.6
0004-api-key.md,"('awslabs', 'aws-sync-routes')",Technology Decisions,"The ADR focuses on selecting a specific technology (API Gateway API keys) to control access to an API endpoint, which is a clear example of a technology choice impacting system security and access control.",0.7
adr-0002-backend-language-framework.md,"('azavea', 'pfb-network-connectivity')",Technology Decisions,"The ADR primarily concerns the selection of a specific backend framework (Django with Django Rest Framework) and programming language (Python), which are technology choices. While it mentions some aspects related to integration and familiarity, the core focus is on choosing the technology stack to facilitate development.",0.8
2019-05-09-modular-architecture.md,"('bbc', 'digital-paper-edit-client')",Design Decisions,"The ADR primarily discusses the modular architecture and organization of repositories and packages, which pertains to the logical structure and decomposition of the system. It explores how to split components (UI, API, infrastructure) into separate packages and repositories, aligning with design principles for system organization.",0.85
2019-09-28-time-estimation-for-links.md,"('bbc', 'digital-paper-edit-client')",Design Decisions,"The ADR primarily concerns the method of estimating voice over durations, which involves choosing an approach to structure and organize the calculation logic within the system. It discusses different algorithms and their implementation, indicating a focus on the logical design of the feature rather than technology selection, infrastructure, or organizational processes.",0.75
ADR-003-handling-duplicate-node-ids.md,"('bbc', 'lrud')",Design Decisions,"The ADR focuses on the internal structure and logic of node registration within the LRUD system, specifically addressing how IDs are managed and the implications for internal data organization and API behavior. This pertains to the logical organization and data modeling aspects of system design.",0.85
2018-10-02-component-fonts.md,"('bbc', 'react-transcript-editor')",Design Decisions,"The ADR discusses the choice of font styles and inheritance for a component, focusing on how the component should be styled and integrated within the application. This pertains to the logical organization and styling structure of the component, which aligns with design decisions related to component styling and structure.",0.75
geocoder.md,"('bcgov', 'PIMS')",Technology Decisions,"The ADR focuses on integrating an external geocoding API (Data BC Geocoder), which involves selecting and utilizing a specific technology platform or service. This decision pertains to choosing a particular technology resource to enhance system functionality.",0.8
0012-can-t-use-esbuild.md,"('ben-biddington', 'news')",Technology Decisions,"The ADR discusses technical challenges related to the build tool 'esbuild', including configuration options, external dependencies, and runtime issues. These are centered around the selection and configuration of a specific technology (the build tool and its options).",0.8
0003-use-typescript.md,"('benjamminj', 'portfolio')",Technology Decisions,"The ADR explicitly discusses the choice of using TypeScript for the project, which pertains directly to the selection of a programming language and development tools. This decision influences the technology stack and development environment.",0.8
0018-backwards-differential-solver.md,"('biosustain', 'Maud')",Technology Decisions,"The ADR discusses switching between different ODE solvers within the Stan framework, focusing on the selection and stability of specific computational tools and algorithms. This pertains to the choice of computational methods and software components rather than system structure or organizational processes.",0.75
adr_python-dev-env.md,"('boxwise', 'boxtribute')",Technology Decisions,"The ADR primarily discusses the selection and configuration of specific tools, libraries, and environments (e.g., pytest, black, flake8, pre-commit, venv), which are technology choices that influence the development environment and tooling stack.",0.75
0004-layered-architecture.md,"('budproj', 'architecture-decision-log')",Design Decisions,"The ADR explicitly discusses the adoption of a layered architecture pattern, which pertains to the logical organization and structure of the system. It defines how different parts of the system are decomposed and interact, aligning with design principles rather than technology, infrastructure, or organizational processes.",0.85
007-package-repository.md,"('budproj', 'unfinished-design-system')",Technology Decisions,"The ADR primarily discusses the choice of a package repository platform (GitHub Packages), which is a technology selection decision involving tools and services used in the development environment. Although it touches on deployment considerations and future plans, the core focus is on selecting a specific technology platform.",0.7
0010-jpa-manages-schema.md,"('buildit', 'bookit-api')",Technology Decisions,"The ADR discusses the use of Hibernate's ddl-auto feature for schema management, which pertains to the selection and configuration of a specific technology (Hibernate ORM) and its behavior. It does not primarily focus on system structure, deployment environment, team processes, constraints, or quality attributes, but rather on the choice of a particular technology feature.",0.8
0005-use-aws-rds-aurora-mysql-for-database-persistence.md,"('buildit', 'digitalrig-metal-aws')",Technology Decisions,"The ADR explicitly discusses selecting a specific technology platform—AWS RDS Aurora MySQL—for database persistence, which directly pertains to technology choices.",0.9
6_package-module-support.md,"('button-inc', 'service-development-toolkit')",Design Decisions,"The ADR focuses on the support and organization of module packaging formats, which pertains to the logical structuring and organization of the system's module support strategy. It discusses how modules are imported and supported across different environments, which is a structural aspect of the system's architecture.",0.85
zindex-values.md,"('cbinsights', 'form-design-system')",Design Decisions,"The ADR primarily addresses the organization and layering of visual elements through z-index standards, which directly relates to the logical structuring and component layering of the UI. It defines how different UI components are organized and layered, which is a core aspect of system structure and design patterns.",0.85
adr-003-abci-app-rpc.md,"('celestiaorg', 'celestia-core')",Design Decisions,"The ADR discusses whether to expose an RPC server for ABCI apps, which pertains to the system's interface design and how components communicate. It focuses on the architecture of the application's external and internal interfaces, aiming for standardization and code reuse, which are core concerns of system structure and organization.",0.85
adr-020-block-size.md,"('celestiaorg', 'celestia-core')",Constraints,"The ADR discusses setting and enforcing size limits on blockchain blocks, which are mandatory conditions derived from system requirements and protocol constraints. It focuses on defining and managing size boundaries to ensure system validity and resource management, aligning with the concept of constraints.",0.7
adr-021-abci-events.md,"('celestiaorg', 'celestia-core')",Design Decisions,"The ADR focuses on changing the structure of how events are represented and captured within the system, specifically proposing a new data organization (list of events with list of tags). This pertains to the logical organization and data modeling of event representation, which falls under design decisions.",0.75
adr-051-double-signing-risk-reduction.md,"('celestiaorg', 'celestia-core')",Others,"The ADR focuses on implementing a risk reduction method to prevent double signing incidents, which directly relates to system qualities such as security and correctness. The decision aims to enhance the reliability and integrity of the consensus process, which are key quality attributes.",0.6
adr-055-protobuf-design.md,"('celestiaorg', 'celestia-core')",Design Decisions,"The ADR focuses on the choice of data serialization format (Protobuf) and the associated design of type organization and transition strategy, which pertains to the logical structure and organization of the system's data components.",0.85
adr-056-light-client-amnesia-attacks.md,"('celestiaorg', 'celestia-core')",Constraints,"The ADR discusses handling a specific type of malicious behavior (light client amnesia attacks) within the context of existing protocol constraints and the need to adapt evidence handling accordingly. It addresses the limitations and mandatory conditions imposed by the protocol and security requirements, fitting best under Constraints.",0.5
adr-060-go-api-stability.md,"('celestiaorg', 'celestia-core')",Organizational/Process Decisions,"The ADR primarily discusses policies and principles related to API exposure, versioning, and internal/external code organization, which are organizational and process-level decisions affecting how the system's architecture is managed and evolved.",0.75
adr-062-p2p-architecture.md,"('celestiaorg', 'celestia-core')",Design Decisions,"This ADR primarily concerns the high-level architecture and interfaces of the P2P networking stack, including abstractions like Transport, Router, PeerManager, and message routing mechanisms. It defines the overall system structure, communication patterns, and component interactions, which are characteristic of architecture design decisions.",0.85
adr-064-batch-verification.md,"('celestiaorg', 'celestia-core')",Design Decisions,"The ADR focuses on introducing a new interface and method for batch verification of cryptographic signatures, which pertains to the system's logical structure and verification mechanisms. It discusses how verification is performed within consensus and block syncing processes, emphasizing the design of verification workflows and interfaces, characteristic of design decisions.",0.85
adr-067-mempool-refactor.md,"('celestiaorg', 'celestia-core')",Technology Decisions,"The ADR primarily focuses on modifying the mempool's internal data structures and indexing mechanisms to support transaction prioritization, which pertains to the selection and management of underlying technologies and data structures used within the system.",0.6
adr-068-reverse-sync.md,"('celestiaorg', 'celestia-core')",Design Decisions,"The ADR primarily discusses extending the system's architecture to support reverse synchronization of light blocks, involving modifications to the state sync protocol, P2P messaging, and data stores. These are core structural and organizational changes to how the system participates in consensus and manages data, fitting best under architecture design decisions.",0.85
adr-007-header-commit-to-shares.md,"('celestiaorg', 'optimint')",Design Decisions,"The ADR primarily discusses the structure and organization of data within rollup blocks, including how commitments are made to data roots, the layout of shares, and the positioning of headers and footers. These are core aspects of the system's data organization and structure, which fall under design decisions related to data modeling and system architecture.",0.85
0003-choice-of-react.md,"('change-metrics', 'monocle')",Design Decisions,"The ADR focuses on selecting a UI library (React) to structure and organize the client-side application, which pertains to the logical organization and component-based architecture of the system's user interface.",0.85
adr-2018-10-04.md,"('chef', 'automate')",Design Decisions,"The ADR primarily discusses the choice of identifiers' naming conventions, their structure, and how they are used within the system's API and data store. These considerations relate to the logical organization and structure of the system's entities and their identification mechanisms, which fall under design decisions. Although there are mentions of technology (UUIDs) and constraints, the core focus is on how the system is architected to handle naming and identification, making 'Design Decisions' the most appropriate primary category.",0.75
0008-use-linter-for-css.md,"('chunksnbits', 'tooling')",Design Decisions,"This ADR discusses the selection and configuration of tooling (stylelint) and a CSS naming convention (BEM), which directly relates to the logical organization and enforcement of CSS styling standards within the development process. It focuses on how to structure and maintain CSS code, aligning with design and style enforcement strategies.",0.75
0005-implement-minimal-api-abstracting-grimoire.md,"('cljdoc', 'cljdoc')",Design Decisions,"The ADR focuses on implementing a minimal API abstraction over existing data models and storage formats, which pertains to the logical organization and structure of the system's interface and data access patterns. It discusses the design of an API layer, data encoding, and versioning strategies, all of which are core to system architecture and component organization.",0.85
0008-implement-workarounds-for-capi-and-log-cache-to-unblock-global-strict-mtls.md,"('cloudfoundry', 'cf-k8s-networking')",Organizational/Process Decisions,"The ADR primarily discusses implementing workarounds through configuration policies managed by different teams, indicating a focus on team responsibilities, workflows, and operational procedures rather than purely technical or architectural design choices.",0.5
0004-v7-push-refactor.md,"('cloudfoundry', 'cli')",Design Decisions,"The ADR primarily discusses refactoring the internal code structure of the 'push' command to improve modularity, testability, and maintainability. It details how functions are organized, sequenced, and invoked, which directly pertains to the logical organization and decomposition of the system's components. Although it references architectural patterns like hexagonal architecture, the core focus is on the internal design and structure of the code rather than technology choices, infrastructure, organizational processes, constraints, or quality attributes.",0.85
0010-renaming-space-application-suporter-role-to-space-supporter.md,"('cloudfoundry', 'cloud_controller_ng')",Design Decisions,"The ADR primarily discusses changes to data structures (tables) and permissions related to roles, which are aspects of system organization and structure. It involves creating new data models and managing how roles are represented and handled within the system, aligning with design and data organization concerns.",0.7
0004-check-in-copilot-dependencies-that-were-already-vendored.md,"('cloudfoundry-attic', 'copilot')",Implementation Decisions,"The ADR details a specific implementation approach for managing dependencies in the build process, such as checking in vendor code and modifying build steps, which are internal code-level decisions rather than high-level architectural or organizational choices.",0.8
0007-frame-vs-scale.md,"('contiamo', 'operational-visualizations')",Design Decisions,"The ADR discusses issues related to the logical organization and handling of data within a charting system, specifically focusing on how data is ordered, grouped, and visualized. It addresses the structure of data processing (e.g., sorting, grouping, handling missing data) and the implications for rendering charts correctly, which are core concerns of system design and data modeling.",0.75
adr-004-split-denomination-keys.md,"('cosmos', 'cosmos-sdk')",Design Decisions,"The ADR primarily addresses the logical organization and data modeling of account balances, specifically how balances are stored and accessed per account and denomination. It involves structuring data for efficient read/write operations, which falls under system design and data organization.",0.85
adr-006-secret-store-replacement.md,"('cosmos', 'cosmos-sdk')",Technology Decisions,"The ADR primarily discusses the selection and replacement of a specific technology component—the secret store backend—by choosing the 'keyring' library as a new technology solution. It focuses on evaluating and adopting a particular technology to improve security, which aligns with technology decision criteria.",0.8
adr-020-protobuf-transaction-encoding.md,"('cosmos', 'cosmos-sdk')",Technology Decisions,"The ADR primarily discusses the encoding formats, serialization methods, and specific protobuf message types used for transaction encoding and protocol buffer handling. It focuses on the technical specifications of how data is structured and serialized, which aligns with technology selection and encoding standards.",0.8
adr-029-fee-grant-module.md,"('cosmos', 'cosmos-sdk')",Design Decisions,"The ADR primarily discusses the design of a fee grant module, including interfaces, message types, and the integration of fee allowances into transaction processing. It focuses on the logical structure and organization of the system's fee management features, which aligns with architecture design decisions.",0.85
adr-044-protobuf-updates-guidelines.md,"('cosmos', 'cosmos-sdk')",Constraints,"The ADR primarily discusses guidelines and rules for updating Protobuf definitions within the Cosmos SDK, focusing on maintaining backward compatibility and avoiding breaking changes. These are constraints imposed by business and technical requirements to ensure system stability and compatibility, fitting the 'Constraints' category.",0.7
adr-015-ibc-packet-receiver.md,"('cosmos', 'ibc-go')",Design Decisions,"The ADR primarily discusses the design of the IBC packet receiver, including routing logic, message handling, and the integration of verification decorators, which are all aspects of system structure and flow. It focuses on how components interact and are organized to implement the routing and verification of IBC packets, fitting into the logical architecture of the system.",0.85
0004-hexagonal-architecture-for-applications.md,"('croz-ltd', 'klokwrk-project')",Design Decisions,"The ADR explicitly discusses adopting a specific architectural pattern—hexagonal architecture—which pertains to the logical organization, structure, and decomposition of the application. It focuses on defining the architecture style, its characteristics, and how to implement it, aligning closely with design decisions.",0.85
0003-authenticate-frontstage-users-azure-b2c.md,"('cxpartners', 'sepa-customer-platform')",Technology Decisions,"The ADR primarily discusses the selection and configuration of Azure Active Directory B2C for authentication, including options for user flows, custom policies, and domain customization. These are centered around choosing specific identity management technologies and configuring them appropriately.",0.7
0003-for-machine-learning-select-a-vendor-specific-stack-of-a-general-stack.md,"('cyrilbois', 'developer-playbook')",Technology Decisions,"The ADR primarily concerns the selection of a specific machine learning vendor stack, comparing AWS Sagemaker versus Kubernetes with TensorFlow. This decision directly involves choosing a technology platform and tools to implement the data pipeline, which aligns with technology selection rather than other categories.",0.75
API-010-appcallback-versioning.md,"('dapr', 'dapr')",Design Decisions,"The ADR discusses a specific architectural approach regarding API versioning, which pertains to the structure and organization of the API interface. It evaluates whether to implement versioning at the API level or within payloads, directly influencing the API's design and evolution strategy.",0.85
0004-use-client-side-rendering-create-react-app.md,"('dennisseidel', 'saas-platform-frontend')",Design Decisions,"The ADR focuses on choosing a rendering approach (Client Side Rendering) and the associated tooling (Create React App), which pertains to the system's structure, organization, and presentation layer. This decision directly influences the architecture's design, particularly the front-end architecture and rendering strategy.",0.85
0011-persistent-user-identity-proposal,"('department-of-veterans-affairs', 'va.gov-team')",Design Decisions,"The ADR focuses on restructuring how user identity data is modeled and linked within the system, involving the design of database tables and relationships (e.g., 'user_verifications', 'user_accounts', 'credential_user', 'real_user'). It addresses the logical organization and structure of persistent user identity data, which aligns with design decisions related to data modeling and system architecture.",0.85
0002-choice-of-auth-provider.md,"('digirati-co-uk', 'bfi-discovery')",Organizational/Process Decisions,"This ADR documents the decision-making process regarding the selection of an authentication provider, which involves evaluating options based on deployment, maintenance, and feature considerations. It reflects a decision that impacts how the organization manages authentication infrastructure and processes, aligning with organizational or process-level decisions rather than purely technical or architectural design choices.",0.4
ADR Folder structure.md,"('djsing', 'ELEN4010')",Design Decisions,"This ADR specifies a fixed folder structure for organizing project files, which directly relates to the logical organization and structure of the system. It defines how components and files are arranged, impacting maintainability and clarity.",0.85
0008-location-of-testing-features.md,"('dogmatiq', 'dogma')",Organizational/Process Decisions,"The ADR primarily discusses the organizational decision to split testing tools into a separate module, considering versioning, dependency management, and release processes. It focuses on how the development and release process is structured rather than on system design, technology selection, or infrastructure.",0.75
ADR-0006.md,"('dtr-org', 'unit-e-project')",Organizational/Process Decisions,"This ADR primarily addresses adopting a coding style guide and establishing a process for code formatting and merging practices, which are organizational and procedural in nature.",0.75
0002-use-bullet-to-catch-nplus1-queries.md,"('dxw', 'dalmatian-frontend')",Others,"The ADR focuses on improving system performance by preventing inefficient database queries through automated testing, which directly relates to system qualities such as performance and responsiveness.",0.8
0008-use-different-aws-account-for-interacting-with-infrastructure-variables.md,"('dxw', 'dalmatian-frontend')",Technology Decisions,"The ADR focuses on managing AWS infrastructure variables and the decision to handle different AWS client types within the service, which pertains to the selection and handling of specific cloud platform technologies and their integration.",0.7
0005-use-dotenv-for-managing-environment-variables.md,"('dxw', 'rails-template')",Technology Decisions,"The ADR explicitly discusses the decision to adopt DotEnv for managing environment variables, which pertains to the selection and use of a specific technology or library to handle environment configuration.",0.8
0013-use-normalize-css-to-normalize-styles-across-browsers.md,"('dxw', 'react-template')",Technology Decisions,"The ADR explicitly discusses the adoption of Normalize.css, a specific CSS library, to address cross-browser styling inconsistencies. This pertains directly to the selection and use of a technology (a CSS normalization library).",0.8
0005-use-this-repo-as-source-of-setup-scripts.md,"('dxw', 'wordpress-template')",Organizational/Process Decisions,"The ADR primarily discusses a process change—using a specific repository as the source of setup scripts and reorganizing responsibilities between repositories. It focuses on workflows, responsibilities, and repository management rather than system structure, technology choices, or infrastructure.",0.6
003-editor.md,"('ec-europa', 'europa-component-library')",Design Decisions,"The ADR primarily addresses the organization and structure of CSS rules for editors within the ECL system, including how rules are grouped, packaged, and applied. It discusses the separation of CSS rules into different files or presets, which directly impacts the system's architecture in terms of modularity, maintainability, and clarity. These are core aspects of architectural design, focusing on how components and styles are organized and integrated.",0.85
0007 - Nd4j classifiers.md,"('eclipse', 'deeplearning4j')",Technology Decisions,"The ADR primarily discusses the selection and configuration of build and platform extensions for the libnd4j library, including specific compilation options, platform extensions, and linking against different dependencies. These are technical choices related to the build process and runtime environment, fitting best within the 'Technology Decisions' category.",0.75
0007-configuration_objects.md,"('eclipse', 'deeplearning4j')",Design Decisions,"The ADR describes a pattern for managing configuration parameters across multiple operations, focusing on how to organize and reuse parameter sets within the codebase. This pertains to the logical organization and structure of the system's configuration management, which aligns with design-level decisions about system organization and patterns.",0.75
0009-aliasing.md,"('eclipse', 'deeplearning4j')",Design Decisions,"The ADR focuses on defining an aliasing mechanism at the namespace level, which pertains to the logical organization and structure of the API surface. It involves how functions (operations) are organized, referenced, and presented within the system, which aligns with design and structural organization rather than technology, infrastructure, or other categories.",0.85
DADR-0004-signal-enrichment.md,"('eclipse', 'ditto')",Design Decisions,"The ADR discusses the implementation approach for a feature, specifically detailing two different architectural facades (approach 2 and 3) for signal enrichment, which directly relates to the system's structure and behavior. It focuses on how data is enriched and propagated within the system, which pertains to the logical organization and data flow design.",0.85
0003-double-encoded-urls.md,"('eclipse', 'winery')",Design Decisions,"The ADR focuses on a specific design choice related to URL encoding strategies, which pertains to the logical organization and structure of URL handling within the system. It discusses encoding methods, alternatives, and their implications, aligning with design-level decisions about system structure and data representation.",0.85
0014-use-eclipse-orion-as-editor.md,"('eclipse', 'winery')",Design Decisions,"The ADR focuses on selecting an IDE/editor for development, which pertains to the logical organization and structure of the development environment, a core aspect of design decisions. It discusses the choice of a tool based on features, compatibility, and project context, aligning with design considerations rather than technology, infrastructure, or organizational policies.",0.85
0019-version-in-the-name.md,"('eclipse', 'winery')",Design Decisions,"The ADR focuses on the specific approach to versioning TOSCA elements, including the method of embedding version information within the element name, namespace, or externally. This pertains to the logical organization and structure of the TOSCA elements, which aligns with design decisions about how system components are organized and versioned.",0.75
0004-Feature-Flags.md,"('edgexfoundry', 'edgex-docs')",Design Decisions,"The ADR discusses the conceptual approach to feature management within the system, focusing on how features are enabled or disabled via configuration, which pertains to the system's logical organization and control mechanisms. It does not specify technology choices, infrastructure, organizational processes, constraints, or quality attributes directly, but rather addresses the design philosophy around feature toggling.",0.75
0009-persistence-and-retries-for-events.rst,"('edx', 'event-routing-backends')",Constraints,"The ADR specifies mandatory conditions such as retry strategies, persistence of certain event types, and thresholds for storage and alerting, which are constraints imposed by business requirements and operational policies.",0.4
0004_iso8601vsEpoch.md,"('eikek', 'docspell')",Technology Decisions,"The ADR discusses choosing a specific data format for date-time transfer (ISO8601 vs. Unix milliseconds), which pertains to the selection of a technology standard or format used in the system's API communication.",0.7
0003-associations.md,"('elastic', 'cloud-on-k8s')",Constraints,"The ADR primarily discusses modeling associations between resources, restrictions on CRD configurations, and design choices to avoid over-engineering, all of which relate to mandatory conditions and limitations that influence the architecture. It emphasizes constraints such as simplicity, clarity, and avoiding over-complexity, aligning with the 'Constraints' category.",0.6
0007-make-monitoring-forwarders-storage-independent.md,"('elastisys', 'compliantkubernetes')",Design Decisions,"The ADR primarily discusses the choice of storage mechanisms for monitoring forwarders, focusing on how to structure and organize the storage component within the system. It evaluates different storage options (emptyDir, local persistent volumes, hostPath) and their implications for system resilience, deployment, and performance, which are core concerns of system architecture and design.",0.85
0004-elife-user.md,"('elifesciences', 'elife-base-images')",Organizational/Process Decisions,"The ADR primarily addresses operational and security practices related to user permissions, ownership, and container runtime policies, which are organizational and process-oriented decisions affecting how the system is managed and deployed.",0.4
0009-supported-python-versions-containers.md,"('elifesciences', 'tech-team')",Design Decisions,"The ADR focuses on the abstraction and organization of hardware interfaces through the definition of HAL and driver layers, which pertains to the logical structuring and decomposition of system components. It discusses how different layers interact and abstract hardware details, characteristic of design-level decisions.",0.85
0008-virtual-platform-as-mediator-pattern.md,"('embvm', 'embvm-core')",Implementation Decisions,"The ADR focuses on specific build system configurations and how to handle include directories and compiler options, which are internal implementation details rather than high-level architectural or organizational choices. It discusses technical mechanisms for managing build instructions and includes, characteristic of implementation-level decisions.",0.95
0003-AWX-for-dlp-automation.md,"('emory-libraries', 'dlp-curate')",Technology Decisions,"The ADR focuses on adopting a specific technical standard (ERC-1888) to improve the certificate transfer process, which is a clear technology selection decision involving standards and protocols.",0.7
0012-device-registries.md,"('energywebfoundation', 'origin')",Design Decisions,"The ADR primarily discusses modifications to the search implementation, including how results are flattened and remodelling of data structures, which pertains to the logical organization and structure of the system's search functionality. It involves changes to how data is processed and presented, aligning with design decisions about data organization and system behavior.",0.75
0003-reanalysis-in-terms-of-ux-issues.md,"('geeksforsocialchange', 'PlaceCal')",Design Decisions,"The ADR discusses the structure and organization of API function signatures, specifically how optional parameters are represented and passed within the system. This pertains to the logical design and interface organization of the API, which falls under design decisions related to system structure and API patterns.",0.85
2018-10-30-storage-metadata-fields-and-optional.md,"('googleapis', 'google-cloud-cpp')",Design Decisions,"The ADR describes transforming the system's user interface into WYSIWYG blocks, involving porting templates, rendering components, and editing in-place, which are core aspects of system structure and UI organization.",0.85
adr-0003-wysiwyg-blocks-architecture.md,"('greenpeace', 'planet4-docs')",Design Decisions,"The ADR primarily discusses a new syntax and methodology for structuring CSS variables within SCSS, focusing on how to organize and generate CSS code for theming purposes. It involves structuring code for better readability and maintainability, which pertains to the logical organization and design of the CSS architecture.",0.75
003-package-manager.md,"('guardian', 'cdk')",Organizational/Process Decisions,"The ADR describes establishing a formal process for conducting technical reviews of third-party integrations, including defining a format, responsibilities, and procedural steps. This pertains to team workflows and decision-making processes rather than system design, technology selection, or infrastructure.",0.75
005-monorepo.md,"('guardian', 'dotcom-rendering')",Design Decisions,"The ADR focuses on organizing how components and content rendering are structured and demonstrated, specifically through the use of Storybook for component visualization and documentation. This pertains to the logical organization and presentation of system components, aligning with design and component structuring decisions.",0.75
012-amp.md,"('guardian', 'dotcom-rendering')",Technology Decisions,"The ADR focuses on choosing a specific library (Preact) as a replacement for React, which is a technology selection decision involving frameworks and libraries.",0.8
017-javascript-loading.md,"('guardian', 'dotcom-rendering')",Design Decisions,"The ADR primarily discusses the implementation of a 'click to view' system, which involves structuring how third-party embedded content is handled, including overlays, hydration, and conditional rendering. These are architectural concerns related to the logical organization and behavior of the system components responsible for embedding and controlling third-party content, fitting within design decisions about system structure and component interactions.",0.75
10-architecture-diagrams.md,"('guardian', 'editions')",Organizational/Process Decisions,"The ADR primarily discusses strategies for organizing work, including branching and release processes, team responsibilities, and deployment workflows, which are characteristic of organizational and process-level decisions rather than purely technical or architectural design choices.",0.75
0002-continuous-integration.md,"('guttih', 'island.is-glosur')",Design Decisions,"The ADR primarily concerns selecting a static site generator (SSG) that aligns with project requirements such as markdown support, customization, and technical direction. This decision impacts the system's structure and the choice of tools used to build the system's documentation and content presentation, which are core aspects of system design.",0.85
0003-css.md,"('guttih', 'island.is-glosur')",Technology Decisions,"The ADR primarily concerns selecting specific protocols (OAuth 2.0 and OpenID Connect) for authentication and authorization, which are technology standards and frameworks. The decision revolves around choosing established protocols based on their features, security, and compatibility, fitting squarely within technology selection rather than broader architectural or organizational categories.",0.85
0007-placement-support.md,"('hamlet-io', 'architectural-decision-log')",Others,"The ADR primarily addresses handling concurrency to ensure data consistency, integrity, and system resilience under concurrent operations, which are non-functional requirements related to system qualities like reliability and correctness.",0.6
0003-separate-validation-load.md,"('hathitrust', 'holdings-backend')",Design Decisions,"The ADR focuses on structuring code for extendability and flexibility through the use of interfaces, traits, and contracts, which are architectural constructs related to system organization and component design.",0.85
0004-Setting_up_vault_as_a_cert_auth.md,"('hmcts', 'cnp-design-documentation')",Organizational/Process Decisions,"The ADR primarily discusses developer workflows, branching strategies, code review processes, and deployment strategies, which are organizational and process-related decisions affecting how development and deployment are managed.",0.75
0004-add-contact-and-welsh-information-links-into-footer.md,"('hmrc', 'play-frontend-hmrc')",Technology Decisions,"The ADR primarily discusses the automation and process of creating and publishing webjars, which involves selecting and implementing specific tools and workflows within the deployment pipeline. It focuses on how to technically achieve the goal of automating webjar creation and publishing, rather than on system structure, team organization, or non-functional qualities.",0.75
0003-use-markdown-architectural-decision-records.md,"('hmrc', 'tracking-consent-frontend')",Organizational/Process Decisions,"The ADR discusses a decision related to how consent data is modeled and managed, emphasizing simplicity, clarity, and consistency with organizational standards. It involves a process-level decision about data handling and policy rather than technical implementation or infrastructure.",0.7
0005-alpha1-is-last-major-go-release.md,"('holochain', 'holochain-rust')",Design Decisions,"The ADR focuses on creating a custom Distributed Hash Table (DHT) implementation, which pertains to the system's structural and organizational aspects, specifically the architecture of the distributed data storage component. It involves decisions about the system's internal structure, routing, and data management strategies, characteristic of design-level decisions.",0.85
003-prefer-multiple-config-files.md,"('hugolhafner', 'analytics-server')",Organizational/Process Decisions,"The ADR focuses on defining a shared understanding of 'done' within the team, emphasizing communication, specifications, and process alignment rather than technical or architectural choices. It pertains to team practices and workflows to ensure consistent delivery, which aligns with organizational and process decisions.",0.75
0048-template-generator.md,"('huifenqi', 'arch')",Design Decisions,"The ADR focuses on feature toggles, which are mechanisms to enable or disable features or resources within the system. This pertains to the logical organization and configuration of system features, aligning with design-level decisions about system behavior and modularity.",0.75
0010-terraform-backend-in-module.md,"('hyprnz', 'terraform-aws-dynamodb')",Organizational/Process Decisions,"The ADR primarily discusses the process of creating and managing monitoring dashboards, including feature flags, customization options, and the associated workflows for users and developers. It focuses on operational practices and procedures rather than system structure, technology choices, or infrastructure specifics.",0.6
0009-msk-client-instance.md,"('hyprnz', 'terraform-aws-msk-module')",Design Decisions,"The ADR primarily discusses a decision about the choice of programming language and tooling (TypeScript vs. ESLint configuration), which impacts the structure and organization of the codebase. It involves evaluating the benefits and drawbacks of adopting TypeScript, a design choice that influences how the system is organized and developed.",0.85
0004-yarn-npm-pnpm-and-docker.md,"('iampeterbanjo', 'iampeterbanjo.com')",Design Decisions,"The ADR discusses schema definitions, type generation, validation, and the approach to modeling data structures in the system, which are core aspects of the system's logical organization and structure. It considers how to implement and manage data schemas and types, aligning with design-level concerns.",0.75
20191026 arch.md,"('ijmccallum', 'life-dashboard')",Design Decisions,"The ADR primarily discusses the separation of logic between CDH and ETL services, focusing on system organization and responsibilities, which pertains to the logical structure and component boundaries within the architecture.",0.85
0003-uploaders.md,"('influx6-prive', 'cdh-adrs')",Design Decisions,"The ADR primarily focuses on the logical organization and structure of the ETL system, specifically how data feeds are managed, queried, and synchronized. It details the creation of database tables, their relationships, and the operational flow for data retrieval and event handling, which are core aspects of system architecture design.",0.75
adr-007-error.md,"('informalsystems', 'ibc-rs')",Design Decisions,"The ADR focuses on the logic and process of detecting conflicts and misbehavior in a light client setup, which pertains to the system's structural and behavioral design. It describes modules like detection, publisher, and address book, and their interactions, which are core to the system's architecture. While it mentions verification and potential publishing mechanisms, the main emphasis is on how the system is organized to detect and handle conflicts, aligning with design considerations.",0.75
adr-003-light-client-core-verification.md,"('informalsystems', 'tendermint-rs')",Design Decisions,"The ADR primarily focuses on defining the architecture of an RPC client subscription mechanism, including entities like `Subscription`, `Event`, and their interaction models, which relate to system structure, concurrency, and interfaces. It details how components are organized and interact, which aligns with design decisions concerning system structure and behavior.",0.85
cx-server-in-container.md,"('jchaudhu', 'SAP-Cloud')",Technology Decisions,"The ADR primarily discusses leveraging Kubernetes features to support autoscaling, which involves selecting and configuring specific technology platforms and features. The focus is on how Kubernetes is used to implement scaling behavior, indicating a technology choice rather than a purely architectural or organizational decision.",0.7
state-management.md,"('jdanil', 'skunkworks')",Technology Decisions,"The ADR discusses integrating Terraform with kops to deploy and manage Kubernetes clusters, which pertains to the selection and application of specific tools and platforms for infrastructure provisioning.",0.7
0003-doc-about-platform.md,"('jmoratilla', 'devops-challenge')",Others,"The ADR focuses on resilience and fault tolerance mechanisms, which are primarily related to system qualities such as availability, reliability, and robustness. The detailed considerations about monitoring, network security, SSL certificates, and logs aim to enhance the system's non-functional qualities, making 'Quality Attribute Decisions' the most appropriate primary category.",0.4
0011-use-a-ci-cd-tool-to-ease-provisioning-workflow.md,"('jmoratilla', 'sre-challenge')",Technology Decisions,"The ADR discusses a specific implementation detail related to MongoDB stream versioning, including how consistency is managed via stream versions and how this impacts the system's behavior. It focuses on the technical approach to handling event stream versions, which aligns with selecting and managing technologies or data storage mechanisms.",0.7
0004-mongodb-datetime-representation.md,"('johanhaleby', 'occurrent')",Technology Decisions,"The ADR explicitly discusses choosing MongoDB as the data storage technology for the Operation API, which directly pertains to selecting a specific technology platform or database system.",0.8
0006-post-signalr-directly-from-mgcc.md,"('kakarotto67', 'mlmc')",Design Decisions,"The ADR focuses on modifying the backend API to enable search functionality for events, involving changes to data indexing, search logic, and API structure. These are core architectural concerns related to system structure and data handling, fitting within architecture design decisions.",0.7
0002-replace-username-with-email.md,"('kartevonmorgen', 'rfcs')",Technology Decisions,"The ADR primarily concerns the selection and use of CircleCI as a continuous integration and deployment tool, which falls under technology choices related to tools and platforms.",0.8
0004-use-dapper-for-data-access.md,"('kbremner', 'read-more-api')",Design Decisions,"The ADR focuses on the architectural organization of responsibilities between Controllers and a service layer, which pertains to the logical structuring and decomposition of system components. It discusses the separation of concerns and layering, which are core aspects of design decisions.",0.85
008. Artifact-based deployment.md,"('kconner', 'godspeed-you-blocked-developer')",Design Decisions,"The ADR primarily discusses the implementation details of concrete map operations within the KEVM framework, focusing on how to support and optimize map functionalities such as lookup, update, and concatenation. These are core to the logical structure and behavior of the system's data handling, which aligns with design decisions related to data modeling and component behavior.",0.85
2018-09-03-Owise-encoding.md,"('kframework', 'kore')",Design Decisions,"The ADR discusses a specific approach to handling 'not' terms and configuration left-overs within a proof or rewriting system, focusing on the logical structure and simplification strategies. This pertains to the organization and decomposition of the system's handling of logical constructs, which aligns with design-level decisions about system behavior and structure.",0.75
0004-divide-the-system-into-4-modules.md,"('kgrzybek', 'modular-monolith-with-ddd')",Design Decisions,"The ADR explicitly discusses the architectural style (2-layered architecture) and how it is applied to handle read operations within the system, which directly pertains to the system's structural organization and layering.",0.85
2018-07-06_control-server-api.md,"('kolide', 'launcher')",Design Decisions,"The ADR discusses the structural organization of object graphs tailored for different use cases (code generation and serialization). This pertains to how the system's components and data structures are organized and accessed, which aligns with design and structural decisions in software architecture.",0.85
dr-011-Jaeger_as_a_tracing_back-end.md,"('kyma-project', 'community')",Design Decisions,"The ADR focuses on decomposing a monolithic application into separate services, which pertains to the logical organization, structure, and modularization of the system. It discusses splitting functionalities into distinct services, exposing them via ingress, and managing their interactions, all of which are core aspects of system design and architecture structure.",0.85
dr-018-Knative_based_Kyma_eventing.md,"('kyma-project', 'community')",Design Decisions,"The ADR discusses choosing Yeoman as a template generator to automate the creation of templates, which pertains to the logical organization and structuring of the system's generation process. It focuses on the decision of selecting a specific tool or approach for template generation, which aligns with design-level considerations rather than technology, infrastructure, or process decisions.",0.75
0003-use-cleveref.md,"('latextemplates', 'generator-latex-template')",Design Decisions,"The ADR focuses on the separation of data and metadata within the system's data model, which pertains to the logical organization and structure of data objects. It discusses how to organize data components to improve performance and reduce complexity, aligning with design-level concerns.",0.85
0003-Sample-objects-implemented-as-domain-range-tuple.md,"('latis-data', 'latis3')",Design Decisions,"The ADR focuses on the architectural approach to building an abstracted data source and gateways, which pertains to the system's structure, organization, and data modeling. It discusses how to design the data access layer to accommodate future external data sources, aligning with design and structural considerations.",0.85
ipc-between-wm-and-menu.md,"('lcarsde', 'lcarsde')",Design Decisions,"The ADR focuses on defining the structure and organization of data schemas within the code, specifically the decision to use arrays for schema mapping in PHP. This pertains to the logical organization and data modeling aspects of the system's architecture, which aligns with design decisions related to data structures and schema representation.",0.85
0004-use-arrays-for-mapping-schema.md,"('lcobucci', 'kafka')",Design Decisions,"The ADR focuses on defining a dedicated health-check endpoint and the patterns used for fault detection (heartbeat and dummy messages), which relate to the system's structure and how components interact and monitor each other. These are architectural concerns about system organization and component interactions.",0.75
005 Service readiness checks.md,"('ldynia', 'archcolider')",Design Decisions,"The ADR focuses on the structure and organization of a feedback system, including how feedback and surveys are integrated, stored, and managed within the application. It discusses system components, their interactions, and the overall architecture of the feedback feature, which aligns with design decisions related to system structure and organization.",0.75
adr004-module-export-structure.md,"('liatrio', 'backstage-internal')",Design Decisions,"The ADR discusses choosing an architectural pattern (MVVM) for Android development, which pertains to the logical organization and structure of the system, characteristic of design decisions.",0.85
0004-mvvm-for-android-development.md,"('linagora', 'linshare-mobile-android-app')",Design Decisions,"The ADR focuses on creating a 'DownloadingRepository' to manage download tasks, which pertains to the logical organization and structure of the system components involved in download management. It addresses how download tasks are managed and referenced, which is a core aspect of system architecture design.",0.85
0004-upgrade-file-picker-library-version.md,"('linagora', 'linshare-mobile-flutter-app')",Design Decisions,"The ADR describes a specific approach to implementing offline mode by making individual files available offline, which pertains to the system's logical organization and data handling strategy. It involves decisions about how data (files and folders) are stored, accessed, and managed locally, aligning with design and data modeling considerations.",0.85
0004-project-license-scheme.md,"('llowder', 'pupperware-party')",Technology Decisions,The ADR explicitly discusses the choice of specific tools and services—AWS CodePipeline and CodeBuild—in place of Jenkins. This decision pertains directly to the selection of technologies and platforms used in the CI/CD process.,0.7
0003-start-with-aws-codepipeline-and-codebuild.md,"('lorenzo-deepcode', 'buildit-all')",Crosscutting Concerns Decisions,"The ADR explicitly discusses security-related aspects, including token validation, security implications, and the handling of identity tokens, which directly relate to security architecture considerations.",0.3
0007-azure-pipeline-security-model.md,"('marain-dotnet', 'Marain.Instance')",Organizational/Process Decisions,"The ADR primarily discusses the structural organization of the codebase, repository management, and plugin architecture, which are related to team and project organization, workflows, and development processes rather than core architectural patterns or technology choices.",0.6
2018121201-stop-using-registers-in-processor.md,"('michelezamuner', 'smjs')",Design Decisions,"The ADR primarily addresses the logical organization and structure of data representations within the system, such as defining `Data` as a list of `DataUnit`, simplifying concepts like size and address, and establishing core interfaces. These are fundamental to the system's architecture and data modeling, fitting within the scope of design decisions.",0.85
017-Variable-Naming.md,"('ministryofjustice', 'cloud-platform')",Technology Decisions,"The ADR primarily discusses the selection and configuration of cloud infrastructure components, specifically the use of Amazon EKS for container orchestration, along with related infrastructure choices such as node instance types, networking, and deployment environment. While it touches on some design and operational aspects, the core focus is on selecting and configuring cloud platform technologies.",0.7
024-SSO-for-CP-Team-to-access-AWS.md,"('ministryofjustice', 'cloud-platform')",Technology Decisions,"The ADR discusses specific Kubernetes configuration parameters, such as CPU requests and limits, and their impact on system behavior. These are technical choices related to the deployment platform and resource management, fitting squarely within technology decisions.",0.7
0010-decoupling-pact-tests-from-test-data.md,"('ministryofjustice', 'court-case-service')",Design Decisions,"The ADR primarily addresses how the email notifications are structured and sent, focusing on the organization and handling of email content and attachments within the existing system. It discusses options for email composition and delivery, which are aspects of system structure and behavior, characteristic of design decisions.",0.85
0010-testing-the-editor-pipeline.md,"('ministryofjustice', 'form-builder')",Others,"The ADR explicitly discusses prioritizing consistency over availability, which directly pertains to a non-functional quality attribute related to system reliability and correctness under failure conditions.",0.6
0003-use-git-commits-to-explain-our-work.md,"('ministryofjustice', 'hmpps-interventions-docs')",Crosscutting Concerns Decisions,"The ADR focuses on establishing a consistent code style and enforcing code quality standards across the development process, which impacts multiple parts of the system such as code quality, style, and error detection mechanisms. These are typical concerns related to crosscutting aspects like code quality and tooling.",0.9
0012-use-feature-flags-for-in-progress-features.md,"('ministryofjustice', 'hmpps-interventions-ui')",Technology Decisions,"The ADR explicitly discusses the selection of GitHub Actions as the CI/CD runner, which pertains to choosing a specific technology platform for continuous integration and deployment. The decision centers on the technology platform rather than system structure, deployment environment, organizational process, or quality attributes.",0.85
0004-use-bash-node-python-as-core-languages.md,"('ministryofjustice', 'modernisation-platform')",Technology Decisions,"The ADR explicitly discusses the selection of a specific technology solution, AWS Secrets Manager, for secrets storage. This decision pertains directly to choosing a technology platform and service, which aligns with the 'Technology Decisions' category.",0.85
0004-separate-api-and-user-facing-applications.md,"('ministryofjustice', 'offender-management-architecture-decisions')",Technology Decisions,"The ADR explicitly states the choice of CircleCI as the tooling for continuous integration and deployment, which directly pertains to selecting specific technologies and platforms for these tasks.",0.85
0017-database-migrations.md,"('ministryofjustice', 'offender-management-architecture-decisions')",Technology Decisions,"The ADR primarily discusses selecting and implementing an API specification standard (JSON:API) and leveraging existing specifications and standards. It focuses on choosing a technology standard and aligning with mature specifications, which aligns with technology decision-making.",0.7
0004-content-negotiation.md,"('ministryofjustice', 'opg-data')",Design Decisions,"The ADR focuses on establishing a domain structure and naming pattern for APIs, which pertains to the logical organization and structure of the system's API endpoints and their naming conventions. This aligns with design decisions related to system structure, components, and interfaces.",0.85
0008-flask-site-security.md,"('ministryofjustice', 'opg-lpa')",Technology Decisions,"The ADR primarily discusses the selection and use of Terraform as a tool for managing infrastructure as code, which aligns with technology selection and platform choices.",0.7
0003-github-source-control.md,"('ministryofjustice', 'opg-modernising-lpa-docs')",Technology Decisions,"The ADR explicitly discusses the use of AWS KMS for managing encryption keys, which pertains to the selection and use of a specific technology platform and service. It does not primarily focus on system structure, deployment environment, organizational processes, or quality attributes, but rather on choosing a particular technology solution for key management.",0.85
0018-session-lifetime-and-session-based-cookies.md,"('ministryofjustice', 'opg-use-an-lpa')",Technology Decisions,"The ADR explicitly states the decision to use Amazon S3 for storage, which pertains directly to the selection of a specific technology platform or service. This clearly falls under technology choices rather than other categories.",0.85
0003-run-kubernetes-locally.md,"('mlibrary', 'nebula')",Infrastructure Decisions,"The ADR focuses on dedicating separate HAProxy machines for load balancing Kubernetes, which pertains to deployment environment, hosting, and network infrastructure setup. It discusses physical or virtual machines, their configuration, and their role as gateways, aligning with infrastructure concerns.",0.7
0004-build-client-in-R.md,"('molgenis', 'molgenis-r-armadillo')",Technology Decisions,"The ADR focuses on implementing a specific data input format (RData) and associated endpoints within a service, which pertains to the selection and integration of data formats and communication mechanisms. This aligns with technology choices related to data standards and service interfaces.",0.7
0006-use-rdata-format-as-data-input.md,"('molgenis', 'molgenis-service-armadillo')",Constraints,"The ADR primarily addresses a specific operational constraint related to handling database corruption, including the conditions under which a database should be deleted and the error detection mechanisms. It does not focus on system structure, technology choices, organizational processes, quality attributes, crosscutting concerns, or implementation details, but rather on a mandatory operational policy driven by business and system constraints.",0.7
0002-database-corruption.md,"('mozilla', 'application-services')",Design Decisions,"The ADR primarily discusses how data will be fetched and visualized within the system, focusing on the structure and integration of frontend components and data flow. It involves choices about component reuse, embedding Svelte into React, and the overall approach to visualization, which are core to the system's architecture and component organization.",0.75
0003-analysis-visualization-architecture-approach.md,"('mozilla', 'experimenter')",Design Decisions,"The ADR primarily discusses the approach to developing web pages using HTMX, a front-end technology, and how it integrates with existing UI frameworks like React. The focus is on choosing a development approach and architecture pattern for the user interface, which aligns with design decisions related to system structure and component organization.",0.85
0010-transition-fxa-from-backbone-to-react.md,"('mozilla', 'fxa')",Design Decisions,"The ADR primarily discusses the choice of CSS variables and SCSS as a styling architecture, focusing on how styles are organized, structured, and applied across the system. It addresses the overall styling approach, including the use of CSS variables, SCSS, and their combination, which directly relates to the logical organization and structure of styles in the system.",0.85
0017-switch-settings-auth-to-sessiontoken.md,"('mozilla', 'fxa')",Technology Decisions,"The ADR documents a specific decision to deprecate the use of Hawk authentication, which is a strategic choice affecting the authentication approach within the system. It clearly falls under the category of a decision about the authentication method, which is a type of architectural decision.",0.7
0021-use-internjs-testing.md,"('mozilla', 'fxa')",Technology Decisions,"The ADR primarily discusses the selection of a specific technology (Google Cloud Firestore) to address the data storage and management needs of the subscription platform, including considerations like access management, UI, and deployment implications. The core focus is on choosing an appropriate technological solution rather than on system structure, organizational processes, or constraints.",0.85
0003-use-eks-cluster-as-default-container-platform.md,"('mozilla', 'sre-adrs')",Design Decisions,"The ADR focuses on how to pass complex data types across the FFI boundary, which pertains to the system's data organization and serialization approach. It discusses serialization schemes and their implementation, which directly influence the logical structure and data modeling within the system, characteristic of design decisions.",0.85
0006-wrapping-types.md,"('mozilla', 'uniffi-rs')",Infrastructure Decisions,"The ADR focuses on the design and configuration of network infrastructure components within AWS, specifically the creation and management of VPC subnets, which are deployment environment considerations. It discusses subnet segmentation, IP address allocation, and the implications for deployment architecture, aligning closely with infrastructure-level decisions.",0.7
0004-prometheus-and-alertmanager-monitoring-and-alerting.md,"('mozmeao', 'infra')",Design Decisions,"The ADR primarily discusses transforming the system's data structures and models, specifically moving from template blobs to structured Django models, which directly relates to the logical organization and data modeling of the system.",0.85
0005-frequency-capping.md,"('mozmeao', 'snippets-service')",Design Decisions,"The ADR primarily discusses the design of a custom Kubernetes resource (CRD) to configure Kafka topics and access, and how the system interacts with this design. It focuses on the structure and organization of the API and its integration with Kubernetes, which aligns with architectural design considerations.",0.75
0004-only-for-aiven.md,"('nais', 'kafkarator')",Technology Decisions,"The ADR focuses on selecting a specific compute service (Azure App Services) based on its features, capabilities, and integration options. This decision pertains to choosing a technology platform to host the application, which aligns with technology selection rather than architectural structure or organizational processes.",0.85
Messaging choice.md,"('namitms', 'FindMeFoodTrucks')",Technology Decisions,"The ADR primarily discusses the selection and configuration of an authentication technology (Keycloak) and related infrastructure components, which falls under technology choices and implementation details.",0.8
0018-govkuk-notify-staging-configuration.md,"('nationalarchives', 'tdr-dev-documentation')",Design Decisions,"The ADR focuses on a structural change in the URL scheme to differentiate types of transfers, which pertains to the system's logical organization and URL routing structure. It involves modifying the system's design to support distinct workflows and accessibility, characteristic of design-level decisions.",0.85
0021-service-unavailable-page.md,"('nationalarchives', 'tdr-dev-documentation')",Design Decisions,"The ADR primarily addresses the logic and behavior of hostname resolution and connection ordering within the client library, which pertains to the system's structure and flow. It specifies how the client should perform host resolution, randomization, and connection attempts, all of which are aspects of the system's design and operational logic.",0.85
ADR-12.md,"('nats-io', 'nats-architecture-and-design')",Technology Decisions,"The ADR primarily discusses encoding connection parameters, URL structures, and configuration options for client connections to NATS servers. These are technical specifications related to how the system is configured and connected, which aligns with technology selection and configuration rather than high-level design, organizational, or infrastructure concerns.",0.75
0005-use-the-fastapi-web-framework.md,"('navikt', 'nada-kafkarator')",Technology Decisions,"The ADR primarily concerns the selection of a specific technology (Ansible) over another (Terraform) for automated VM provisioning, which directly relates to choosing tools and platforms.",0.8
0005-avoiding-test-doubles.md,"('ngarbezza', 'testy')",Technology Decisions,"The ADR primarily discusses the decision to share and use a specific database within the system, which involves selecting and configuring the database as part of the system's architecture. It focuses on the data storage component and its integration, aligning with technology choices related to data management.",0.7
009-proxy_limiting.md,"('nhsd-exeter', 'dos-capacity-status-api')",Crosscutting Concerns Decisions,"The ADR explicitly discusses implementing basic authentication to restrict access to certain environments, which directly pertains to security mechanisms and access control, fitting within the 'Crosscutting Concerns Decisions' category, specifically related to security.",0.5
0013-remove-google-sitelinks-searchbox-metadata.md,"('nhsuk', 'connecting-to-services')",Crosscutting Concerns Decisions,"The ADR explicitly discusses implementing basic authentication to restrict access to environments, which directly pertains to security mechanisms and access control, fitting within the 'Crosscutting Concerns Decisions' category, specifically related to security.",0.5
0004-use-elasticsearch-for-search.md,"('nhsuk', 'gp-finder')",Constraints,The ADR discusses a temporary workaround due to missing data (lack of ODS codes) and the need to store contact information locally as a mandatory condition until central data is available. This reflects a constraint imposed by external business or system limitations.,0.7
0008-do-not-use-local-data-for-ccgs.md,"('nhsuk', 'mental-health-service-finder')",Design Decisions,"The ADR primarily discusses the choice of a templating system (Handlebars) and its integration into the prototype kit, which pertains to the system's structure and organization of presentation logic. It focuses on how the system is composed and how components (templates, partials) are used, which aligns with design and structure decisions.",0.75
0003-use-npm-scripts-and-gulp-for-running-tasks.md,"('nhsuk', 'nhsuk-prototype-kit-version-one')",Implementation Decisions,"The ADR focuses on the specific implementation detail of setting up pre-commit hooks using a particular tool (`pre-commit`). It discusses how to implement a process (hooks setup) within the development workflow, which aligns with internal code and process implementation rather than high-level architecture, technology selection, or organizational policies.",0.75
002-code_formatter.md,"('nicfix', 'py-ddd-cqrs-microservice-boilerplate')",Design Decisions,"The ADR focuses on a specific structural choice regarding how images are referenced in documentation (absolute vs. relative paths). This pertains to the organization and structure of documentation content, which aligns with design decisions about documentation practices and conventions.",0.85
0010-integration-tests.md,"('nicoespeon', 'abracadabra')",Organizational/Process Decisions,"This ADR primarily addresses the organizational approach to packaging and distribution, emphasizing how responsibilities are delegated to downstream projects and how release management is handled. It does not focus on system structure, technology choices, infrastructure, or quality attributes but rather on process and organizational responsibilities.",0.7
0009-help-scripts.md,"('npryce', 'adr-tools')",Design Decisions,"The ADR focuses on defining a structural convention for filenames (adding event types to sherd filenames), which pertains to the organization and structure of data and system components. It discusses how to encode information within filenames, a design-level concern related to system organization and data modeling.",0.75
0004-store-shards-in-time-stamped-directories-and-files.md,"('npryce', 'pottery')",Design Decisions,"The ADR focuses on choosing a CSS framework to guide the visual and layout design of the application, which pertains to the structural and stylistic organization of the user interface. This decision directly influences the system's design and layout patterns.",0.85
0017-preservation-strategy.md,"('nulib', 'meadow')",Design Decisions,"The ADR primarily discusses the structure and organization of how IIIF manifests are generated, stored, and routed within the system. It details the placement of manifests, routing logic, and interactions between components like API Gateway, Lambda, Elasticsearch, and storage buckets, which are all aspects of system architecture and logical organization.",0.85
0003-consensus-runtime-token-transfer.md,"('oasisprotocol', 'oasis-core')",Technology Decisions,"The ADR primarily discusses the selection and adoption of cryptographic standards and key derivation schemes (BIP-0039, SLIP-0010, BIP-0044) for account key generation, which are technology choices rather than design, infrastructure, or organizational decisions.",0.85
0004-runbooks-and-checklists.md,"('ockam-network', 'ockam')",Technology Decisions,The ADR primarily concerns the selection of a specific database technology (MongoDB) over another (PostgreSQL) for storing metadata. This decision directly relates to choosing a technology platform to meet system requirements.,0.8
0016-documentation-structure.md,"('open-voice-network', 'docs')",Technology Decisions,"The ADR explicitly discusses choosing Apache Kafka as the messaging middleware, which pertains to selecting a specific technology platform and its associated characteristics. This decision is centered around the technology stack rather than system structure, organizational process, or quality attributes.",0.8
0021-kafka-as-messaging-middleware.md,"('open-voice-network', 'docs')",Design Decisions,"The ADR discusses the concept of a 'Simple Composition Component' that follows an enterprise integration pattern, focusing on how components are structured and interact within a system. It emphasizes the implementation strategy of specific patterns and their feasibility as simple components, which aligns closely with design and structural considerations rather than technology, infrastructure, or organizational processes.",0.75
0004-ressource-level-lifetime.md,"('openkfw', 'TruBudget')",Organizational/Process Decisions,"The ADR primarily discusses procedures, roles, and workflows related to network setup, node joining, and organizational validation processes, which fall under organizational and process-related decisions.",0.6
0012-use-postgresql.md,"('openlobby', 'openlobby-server')",Design Decisions,"The ADR primarily discusses the definition, purpose, and structure of a styleguide, which pertains to the logical organization, structure, and components of the user interface. It focuses on how the styleguide creates a consistent UI foundation, which aligns with design and architecture of the system's frontend structure.",0.85
0005-migrating-from-jsps-gsps.md,"('openmrs', 'openmrs-rfc-frontend')",Design Decisions,"The ADR primarily discusses the design and structure of a configuration system, including APIs, validation, documentation, and hierarchical organization. These aspects relate to how the system is logically organized and decomposed, which falls under architecture design. Although it references configuration as a concept, the focus is on the design of the configuration library and its integration into the system, rather than on technology selection, infrastructure, organizational processes, constraints, or quality attributes.",0.85
adr-003-not-using-xjson-server-as-database.md,"('openregister', 'openregister-java')",Design Decisions,"The ADR focuses on defining a deterministic ordering mechanism for items within a resource, which pertains to the logical organization and structure of the data retrieval process. It specifies how to implement pagination and ordering, which are core aspects of system design and data modeling.",0.75
adr0008.md,"('opensmarthouse', 'opensmarthouse-core')",Design Decisions,"The ADR primarily discusses structuring and organizing application manifests across multiple environments using overlays and patches, which pertains to the logical organization and structure of the system. It focuses on how to manage deployment configurations and repository layout, aligning with design and architecture structuring rather than technology selection or infrastructure specifics.",0.85
0004-argocd-apps-of-apps-structure.md,"('operate-first', 'blueprint')",Design Decisions,"The ADR primarily discusses the structure, organization, and deployment approach for cluster-scoped resources using declarative manifests, GitOps practices, and layout conventions. It focuses on how resources are logically organized, deployed, and managed, which aligns with design decisions related to system structure and resource organization.",0.75
0003-use-cassandra-as-storage-backend.md,"('orevial', 'adr-demo')",Organizational/Process Decisions,"The ADR primarily discusses policies and procedures related to the publication, verification, and management of Client Profiles, which are organizational mechanisms to ensure security and protocol integrity. It does not focus on system structure, technology selection, infrastructure, or quality attributes directly, but rather on the process and organizational controls necessary for secure protocol operation.",0.7
003-client-profile.md,"('otrv4', 'otrv4')",Design Decisions,"This ADR focuses on the selection and implementation of a cryptographic protocol (DAKEZ) and its integration into the system, which pertains to the logical structure and design of the security architecture. It discusses the choice of protocol, its properties, and how it fits into the overall system design, rather than technology, infrastructure, organizational, constraints, or quality attributes directly.",0.85
0013-use-jenkins-for-secrets-management.md,"('pace-neutrons', 'Horace')",Design Decisions,"The ADR primarily discusses the architectural approach to supporting large datasets through a paged data structure, API design, and system behavior modifications. It focuses on the logical organization of the system, such as the implementation of a paged `PixelData` object, API patterns, and the transition from in-memory to disk-based operations, which are core aspects of system architecture and design. Although it mentions performance considerations and potential technology choices (like MPI), these are secondary to the overarching design strategy for handling large data efficiently.",0.85
0018-algorithm-migration-to-paged-files.md,"('pace-neutrons', 'Horace')",Organizational/Process Decisions,"The ADR primarily discusses establishing a standard format for error identifiers across the MATLAB codebase, which pertains to defining a process or guideline for error handling conventions within the organization. It does not focus on system structure, technology selection, infrastructure, or quality attributes, but rather on a procedural standardization related to error management.",0.75
0004-pace-documentation-link-to-projects.md,"('pace-neutrons', 'pace-developers')",Design Decisions,"The ADR primarily discusses the integration approach and structural organization of the brille library within other projects, focusing on how components interact and are structured. It addresses the logical arrangement of code and interfaces, which aligns with design-level decisions.",0.85
0017-transactions3.md,"('palantir', 'atlasdb')",Technology Decisions,"The ADR primarily discusses the rationale for choosing Clojure as the programming language for the project, including considerations about language ecosystem, community support, and compatibility with databases. These are core technology selection factors.",0.8
adr-004-ansible.md,"('pariyatti', 'kosa-rails')",Technology Decisions,"The ADR primarily discusses selecting and using the 'testcontainers.org' project to manage test infrastructure, which is a technology choice involving a specific tool or platform for infrastructure management. Although it touches on portability and environment considerations, the core focus is on the selection of a technology to facilitate ephemeral test environments.",0.7
0012-use-external-search-service.md,"('patshone-manifesto', 'hee-web-blueprint')",Implementation Decisions,"The ADR focuses on a specific implementation detail—merging CloudFormation templates to manage infrastructure as code. It pertains to how the infrastructure is organized and maintained at the code level, which aligns with internal implementation choices rather than high-level architecture or organizational policies.",0.45
0004-event-contracts.md,"('pauldambra', 'visit-plannr')",Technology Decisions,"The ADR primarily discusses the selection and integration of specific third-party libraries (passport.js, passport-saml, node-openid-client) to implement authentication protocols, which falls under technology choices.",0.7
0008-use-ecmascript-modules.md,"('perforce', 'helix-authentication-service')",Design Decisions,"The ADR focuses on the design of a specific data field, including validation strategies at the UI and API levels, which pertains to the logical organization and structure of data handling within the system. It addresses how data is validated and stored, aligning with design considerations related to data modeling and system behavior.",0.75
0009-acl-actor-permissions.md,"('psu-libraries', 'scholarsphere')",Design Decisions,"The ADR primarily concerns a terminology change within the system's UI and codebase, affecting how components are labeled and presented. It involves decisions about the logical organization and presentation of system elements, which falls under design considerations rather than technology, infrastructure, or other categories.",0.85
0004-index-from-iiif-manifests.md,"('pulibrary', 'dpul')",Design Decisions,"The ADR describes the organization and structuring of background job queues, which pertains to the logical arrangement and decomposition of system components related to background processing. It specifies how tasks are categorized and prioritized, aligning with design decisions about system structure and task management.",0.85
0009-unlinked-files.md,"('pulibrary', 'figgy')",Organizational/Process Decisions,"The ADR primarily addresses a procedural approach to managing configuration sets during deployment, including versioning, swapping, and cleanup strategies. It focuses on operational workflows and policies rather than system structure, technology selection, or quality attributes.",0.4
0003-remove-memory-tuning.md,"('pulibrary', 'pul_solr')",Constraints,"The ADR addresses a configuration choice aimed at ensuring compatibility and collaboration across different operating systems, which imposes a mandatory condition on the development environment and workflow. This aligns with the 'Constraints' category, as it reflects a necessary limitation or requirement derived from the context.",0.5
0002-configure-line-endings-in-gitattributes.md,"('qbit86', 'arborescence')",Technology Decisions,"The ADR primarily discusses the selection and integration of a third-party authentication service (Auth0), including considerations around SDKs, documentation, multi-tenancy, and token management. These are centered on choosing specific technologies and platforms to implement user authentication, making 'Technology Decisions' the most appropriate primary category.",0.75
adr-0014-api-documentation-revisited.md,"('raster-foundry', 'raster-foundry')",Technology Decisions,"The ADR primarily discusses replacing existing system components (Airflow modules) with AWS Batch, a specific cloud service. The focus is on selecting and transitioning to a particular technology platform (AWS Batch) and its associated environment (Amazon ECS), which aligns with technology decision-making.",0.7
adr-0021-lab-workspaces.md,"('raster-foundry', 'raster-foundry')",Others,"The ADR primarily focuses on how to measure and track system metrics, which directly relates to system qualities such as observability, monitoring, and performance. It discusses strategies for collecting metrics post-hoc and from external sources, emphasizing system behavior and non-functional aspects.",0.55
0008-keep-styles-with-components.md,"('reactioncommerce', 'reaction-component-library')",Design Decisions,"The ADR describes the logic and process for barcode lookup, including cascade retrieval and association with base items, which pertains to the system's logical organization and data handling mechanisms. It details how the system is structured to perform barcode resolution, indicating a focus on system design and data flow rather than technology selection, infrastructure, or organizational processes.",0.85
0005-extract-all-partner-operations-into-a-separate-application-intended-for-partners.md,"('rubyforgood', 'human-essentials')",Technology Decisions,"The ADR focuses on selecting ArgoCD as a deployment agent, which pertains to choosing a specific technology/tool for deployment automation. The decision is centered around the selection of a deployment platform rather than system structure, organizational process, or other categories.",0.8
0004-argocd-as-deployment-agent.md,"('sa-mw-dach', 'manuela')",Design Decisions,"The ADR discusses the choice of a specific architectural framework (NestJS) for scaffolding, which directly impacts the overall system structure, organization, and pattern application. This decision influences how the system is decomposed and structured, aligning with design-level considerations.",0.85
0003-create-two-observation-comparators.md,"('savioalphonso', 'exercise3-group-6')",Organizational/Process Decisions,"The ADR focuses on creating documentation (README files) for components, which pertains to documenting and providing guidance for system components rather than designing architecture, selecting technologies, or configuring infrastructure. Since 'Documentation Decisions' is not explicitly listed among the provided categories, it aligns most closely with the 'Others' category, which covers decisions that do not fit standard categories. However, given the context, this decision is about documentation practices, which are essential for usability and maintainability.",0.1
0004-add-readme-for-each-component-for-documentation.md,"('scheduleonce', 'once-ui')",Technology Decisions,"The ADR explicitly discusses the selection of AWS AMIs (Amazon Machine Images), which pertains directly to the choice of a specific technology platform and image source. The decision focuses on the technology aspect of cloud images rather than system structure, deployment environment, or organizational processes.",0.75
Automation.md,"('serverlessmike', 'terraform')",Technology Decisions,"The ADR primarily discusses the choice of storing form submissions in a database, specifically selecting MySQL as the database technology and considering alternatives like MongoDB. The focus is on selecting and implementing a specific technology platform for data storage.",0.8
2020-08-03-Implement-New-Changelog.md,"('shopware', 'platform')",Design Decisions,"The ADR primarily focuses on the design of the registration process, including how customer groups are managed, URLs are generated, and the flow of customer registration is structured. It details the logical flow and interactions between components, such as the store API route, customer module, and admin interface, which are characteristic of design decisions related to system structure and behavior.",0.85
2021-09-06-make-core-mail-templates-independent-from-storefront-urls.md,"('shopware', 'platform')",Design Decisions,"The ADR primarily discusses the architecture of the scripting system within the application, including how scripts are managed, executed, and integrated into the system. It details the use of Twig as a sandboxed environment, the structure of script events, and the interaction with core objects, which are all aspects of system organization and structure. While there are mentions of technologies (Twig, database, filesystem), the core focus is on how the scripting architecture is designed and integrated, making it a design decision.",0.85
2021-10-21-app-scripting.md,"('shopware', 'platform')",Design Decisions,"The ADR describes the architectural pattern and structure for screen controllers within an Android application, focusing on how UI events are managed, transformed, and communicated between the view and controller layers. It emphasizes the organization and flow of the system's components, aligning with design and architecture structuring rather than technology, infrastructure, or organizational processes.",0.85
003-weak-references-between-sql-tables.md,"('simpledotorg', 'simple-android')",Design Decisions,"The ADR primarily discusses the architectural structure and pattern choices for building screens, including the separation of concerns into components like Update, EffectHandler, and UiRenderer, which are core to system organization and design. It also evaluates different architectural frameworks and patterns (e.g., Android architecture components, MVI, Redux principles) and ultimately adopts a specific architectural framework (Mobius) that influences the overall system design.",0.85
004-reporting.md,"('simpledotorg', 'simple-server')",Design Decisions,"The ADR focuses on the logical organization and structure of user models and authentication mechanisms, which are core aspects of system design and architecture. It involves combining user roles into a unified model and defining different authentication methods, directly impacting the system's structure and component interactions.",0.85
016-reporting-schema.md,"('simpledotorg', 'simple-server')",Technology Decisions,"The ADR primarily discusses the management and handling of a GitHub API token for Danger, focusing on the security and confidentiality of the token used in the system. This pertains to the selection and handling of a specific technology (the token and its security considerations), rather than system structure, deployment environment, team processes, or quality attributes.",0.75
8-Remove_ADR_Util_Sync_Module.md,"('slior', 'adrflow')",Design Decisions,"The ADR discusses adopting a specific architectural style—hexagonal architecture—and details how components, communication patterns, and boundaries are structured. This directly pertains to the logical organization, structure, and decomposition of the system, which falls under design decisions.",0.85
ADR-7_wsgi-server.md,"('sse-secure-systems', 'connaisseur')",Technology Decisions,"The ADR focuses on adopting and enabling a specific protocol (Discovery v5) for peer discovery within the system, which pertains to the selection and implementation of a particular technology standard. It does not primarily concern system structure, deployment environment, team processes, constraints, or quality attributes, but rather the choice of a protocol technology.",0.7
0003-geth-node.md,"('status-im', 'status-react')",Organizational/Process Decisions,"This ADR primarily discusses a development methodology involving workflows, review processes, and team responsibilities related to feature toggles and continuous integration, which are organizational and process-related decisions.",0.6
0002-extract-only-useful-technical-metadata.md,"('sul-dlss-labs', 'infrastructure-adrs')",Organizational/Process Decisions,"The ADR primarily concerns a change in the system's architecture component (from Registry to Repository), which is a structural and organizational decision affecting how the system manages data storage and access. The decision involves team and process considerations around system organization, making 'Organizational/Process Decisions' the most appropriate primary category.",0.5
securityhub.md,"('superwerker', 'superwerker')",Design Decisions,"The ADR focuses on the registration and organization of message handlers within message buses, which pertains to the logical structure and organization of the system's messaging components. It discusses how handlers are assigned to buses, which is a structural concern related to system components and their interactions.",0.85
003-katafication.md,"('tddbin', 'katas')",Design Decisions,"The ADR primarily focuses on defining the structure and format of transaction event data, including how subscriptions and searches are handled through specific data formats and APIs. This pertains to the logical organization and structuring of data and system interfaces, which aligns with design decisions related to system structure and data modeling.",0.75
0002-pre-1-0-deprecation-strategy.md,"('theupdateframework', 'python-tuf')",Design Decisions,"The ADR primarily addresses how the system handles the structure and organization of metadata files, specifically focusing on the treatment of unrecognized fields within the data format. This pertains to the logical handling and design of data processing, which aligns with design-level decisions about data formats and system behavior.",0.75
20210113-distribute-log4brains-as-a-global-npm-package.md,"('thomvaill', 'log4brains')",Organizational/Process Decisions,"The ADR primarily discusses a decision related to decommissioning an existing system and merging functions to reduce maintenance costs and redundancy, which pertains to organizational and process considerations rather than technical or architectural design aspects.",0.5
0002-allow-dynamic-loading-of-yetibot-plugins-via-config.md,"('thoth-station', 'core')",Technology Decisions,"The ADR primarily discusses the selection of a specific ORM library (Pop) for use in the system, which is a technology choice involving frameworks and tools. It also references prior exploration of other ORMs and considerations around database migration tools, all of which fall under technology selection.",0.85
0027-pdf-generation.md,"('transcom', 'mymove')",Crosscutting Concerns Decisions,"This ADR focuses on implementing a security mechanism (CSRF protection) that impacts multiple parts of the system, specifically the security aspect affecting various components and interactions. It addresses a crosscutting concern—security—by establishing a consistent approach across the application.",0.8
0036-go-integration.md,"('transcom', 'mymove')",Design Decisions,"The ADR focuses on selecting a front-end form library and the implementation approach, which pertains to the structure, components, and patterns used in the system's UI layer. It discusses the choice of a specific library (Formik) and how forms are implemented using JSX, indicating a focus on the system's design and component organization.",0.85
0038-soft-delete.md,"('transcom', 'mymove')",Design Decisions,"The ADR primarily addresses how to handle and interpret different types of temporal data (dates and timestamps) within the system, which pertains to the logical organization and data modeling of time-related data. It discusses conventions, conversions, and serialization formats, all of which influence the system's structure and data representation.",0.85
0040-role-base-authorization.md,"('transcom', 'mymove')",Design Decisions,"The ADR primarily discusses the structure and organization of API endpoint paths, which relates to how system components and their relationships are logically modeled and presented. It focuses on the hierarchical organization of resources and the implications for API design, which falls under the domain of system structure and design patterns.",0.85
0044-params-styling.md,"('transcom', 'mymove')",Design Decisions,"The ADR primarily discusses the architectural approach to creating and maintaining a shared React component library, focusing on the structure, customization, and extensibility of the system. It involves decisions about how to organize and extend the codebase, which aligns with design-level concerns.",0.75
0059-use-snapshot-to-cleanup-loadtesting.md,"('transcom', 'mymove')",Design Decisions,"The ADR primarily addresses the structuring and organization of service method signatures to enable composability, passing context, and supporting tracing and logging. These are core aspects of system design and component interaction, fitting within the 'Design Decisions' category.",0.85
0070-cypress-tests-file-layout.md,"('transcom', 'mymove')",Design Decisions,"The ADR focuses on a specific implementation choice related to the CLI spinner component, which impacts the system's behavior and user experience. It discusses options for removing, replacing, or continuing to use a particular UI element, which pertains to the system's structure and how it presents information to users.",0.75
0080-api-versioning-based-on-test-run.md,"('transcom', 'mymove')",Design Decisions,"The ADR focuses on creating a ViewModel class to separate DTO models from UI models, which pertains to the logical organization and structuring of system components, specifically the UI layer and data models. This is a typical design decision aimed at improving code clarity and maintainability.",0.85
0007-schedule-internal-data-structure.md,"('trestini', 'delayer-aws')",Design Decisions,"The ADR focuses on choosing a communication mechanism between modules, which pertains to the system's structure and interaction patterns. It discusses using events as a communication approach, which directly relates to the logical organization and modular design of the system.",0.85
0011-develop-main-frontend-shopping-as-a-separate-ssr-app.md,"('tsobe', 'lobiani')",Technology Decisions,"The ADR primarily discusses the choice of an authentication service (Auth0) and its integration, which pertains to selecting a specific technology platform for authentication. It does not focus on system structure, deployment environment, organizational processes, or quality attributes directly, but rather on the technology component used for authentication.",0.75
0004-templates-over-js-framework-md.md,"('uktrade', 'trade-access-program')",Technology Decisions,"The ADR primarily discusses the selection of a programming language (Python) for the application, which directly pertains to the choice of technology platform and tools. It does not focus on system structure, deployment environment, team processes, constraints, or quality attributes, but rather on the technology stack decision.",0.85
0003-python-tooling.md,"('umd-lib', 'caia')",Organizational/Process Decisions,"The ADR describes a change in operational behavior—specifically, removing a process related to handling denied entries—based on discussions and workflow considerations. It focuses on how staff interact with the system and manage tasks, rather than on system structure, technology, or quality attributes.",0.7
0008-rdf-sparql-support.md,"('upenn-libraries', 'sdbmss')",Design Decisions,"The ADR focuses on choosing a documentation standard for APIs, which pertains to the logical organization and structure of the API documentation approach. It discusses the decision to adopt OpenAPI for API description, which directly relates to how the system's API is structured and documented, a core aspect of design decisions.",0.85
0003-create-cloud-native-solutions.md,"('vwt-digital', 'operational-data-hub')",Design Decisions,"The ADR focuses on establishing a naming convention for OAuth scopes, which pertains to the logical organization and structure of permission naming within the API security design. It defines a pattern and standard for how permissions are named, which directly relates to the system's design and structure.",0.85
0015-automatic-backup-of-each-data-component.md,"('vwt-digital', 'operational-data-hub')",Technology Decisions,"The ADR explicitly states a decision to format all business events as JSON, which pertains to the selection of a data format technology. This is a clear choice of a technology standard rather than a design, infrastructure, organizational, or quality attribute decision.",0.85
0019-single-schema-per-topic.md,"('vwt-digital', 'operational-data-hub')",Organizational/Process Decisions,"The ADR explicitly discusses structuring the domain model based on the company's organizational departments, which directly relates to organizational and process considerations affecting architecture.",0.7
0032-oauth2-for-authentication.md,"('vwt-digital', 'operational-data-hub')",Technology Decisions,"The ADR explicitly discusses the choice of a specific technology platform—GCP Secret Manager—for managing secrets, which directly pertains to selecting a technology or service. While it touches on security principles, the core focus is on the selection and use of a specific managed service, fitting best under technology decisions.",0.7
0037-secrets-are-stored-in-gcp-secret-manager.md,"('vwt-digital', 'operational-data-hub')",Design Decisions,"The ADR focuses on the approach to designing and documenting APIs as the foundational element of the system, which pertains to the logical organization and structure of the system's interfaces. It emphasizes API design, consistency, and reusability, all of which are core aspects of architecture design decisions.",0.85
0046-javascript-framework.md,"('vwt-digital', 'operational-data-hub')",Technology Decisions,"The ADR focuses on selecting a specific data catalog specification and format (machine-readable JSON) to standardize metadata description, which pertains to the choice of technology standards and formats. It does not primarily address system structure, deployment environment, organizational processes, or quality attributes, but rather the adoption of a specific data modeling standard.",0.75
0002-logging-approach.md,"('wellcomecollection', 'identity')",Technology Decisions,"The ADR primarily discusses the selection and adoption of a specific technology tool, Webpack, for bundling JavaScript. It focuses on choosing a technology platform based on its features, popularity, and team familiarity, which aligns with technology decision-making.",0.8
0017-release-notes-content-topics.md,"('wikimedia', 'Wikibase')",Design Decisions,"The ADR focuses on defining a new interface to structure the code and improve type hierarchy, which pertains to the logical organization and structure of the system components. It discusses class design, inheritance, and type hinting, all of which are core aspects of system architecture and component organization.",0.85
0020-wikibase-compatibility-with-mediawiki-master.md,"('wikimedia', 'Wikibase')",Design Decisions,"The ADR primarily discusses a change in the system's approach to geoprocessing, focusing on the internal architecture and API design (e.g., switching from Spark-based to Collections API, implementing an Akka HTTP service). These are core to the logical organization and structure of the system, which aligns with design decisions.",0.85
0010-replace-mustache-js-with-template-literals.md,"('wikimedia', 'mediawiki-extensions-Popups')",Design Decisions,"The ADR primarily discusses the design pattern choice for implementing change operations and their summary generation, focusing on the structure and organization of change application logic. It evaluates different design patterns (visitor pattern) and their impact on the system's architecture, which aligns with design decisions concerning system structure and patterns.",0.85
018_Development_and_Deployment_of_Split_Repo.md,"('wmde', 'fundraising-application')",Design Decisions,"The ADR primarily discusses the API's design, including resource schema, URL structure, controller actions, response formats, and documentation strategies. These are core aspects of system structure and organization, fitting within the realm of architecture design decisions.",0.85
021_Single_or_Multi_Page_Application_Architecture.md,"('wmde', 'fundraising-application')",Constraints,"The ADR specifies mandatory conditions related to the contents of the release package, such as including release notes, vendor dependencies, and excluding certain files. These are constraints imposed by business or community standards that limit the architecture of the release process.",0.8
0004-wdqs-tarball-content.md,"('wmde', 'wikibase-release-pipeline')",Organizational/Process Decisions,"The ADR primarily addresses a procedural approach to handling release notes for third-party software, focusing on organizational workflows and policies rather than technical design, technology selection, or infrastructure specifics.",0.75
client-repo-split.md,"('wmde', 'wikidata-wikibase-architecture')",Technology Decisions,"The ADR explicitly discusses choosing an infrastructure-as-code tool, Terraform, which pertains directly to selecting a specific technology platform or tool for deployment. This decision is centered around technology selection rather than system structure, deployment environment, organizational process, or quality attributes.",0.85
008-manage-github-repos-with-terraform.md,"('xebia-france', 'xebikart-infra')",Design Decisions,"The ADR focuses on the logical structure and organization of HTML documents, specifically on how to handle `meta` tags to prevent automatic reloads or redirects. This pertains to the design and composition of the document content and its behavior, which aligns with design decisions related to system structure and component behavior.",0.85
0009-use-openreferal-api.md,"('zendesk', 'link_platform')",Technology Decisions,"The ADR explicitly states the decision to use Redux, which is a specific technology/library for state management in JavaScript applications. This directly pertains to the selection of a technology framework.",0.8
adr-03.md,"('zooniverse', 'front-end-monorepo')",Design Decisions,"The ADR primarily discusses the choice of building a custom Light Curve Viewer using native D3 within React components, focusing on the system's structure and how components will interact. It addresses the architectural approach to integrating D3 with React, which pertains to the system's design and component organization.",0.85
adr-04.md,"('zooniverse', 'front-end-monorepo')",Design Decisions,"The ADR primarily discusses the logic and structure of how the system selects and configures the subject viewer, which pertains to the system's logical organization and decision-making process. It focuses on the decision flow, configuration hierarchy, and the rationale behind the viewer selection logic, aligning with design-level considerations.",0.85
adr-30.md,"('zooniverse', 'front-end-monorepo')",Design Decisions,"The ADR primarily discusses the implementation of undo/redo functionality within the workflow, focusing on how the system manages state, history stacks, and snapshots. These are core aspects of the system's logical organization and behavior, which align with design decisions related to system structure and flow.",0.85
adr-9.md,"('zooniverse', 'galaxy-zoo-touch-table')",,,
